id,text,value
01001,L'Abergement-Clémenciat - 01400,l-abergement-clemenciat
01002,L'Abergement-de-Varey - 01640,l-abergement-de-varey
01004,Ambérieu-en-Bugey - 01500,amberieu-en-bugey
01005,Ambérieux-en-Dombes - 01330,amberieux-en-dombes
01006,Ambléon - 01300,ambleon
01007,Ambronay - 01500,ambronay
01008,Ambutrix - 01500,ambutrix
01009,Andert-et-Condon - 01300,andert-et-condon
01010,Anglefort - 01350,anglefort
01011,Apremont - 01100,apremont
01012,Aranc - 01110,aranc
01013,Arandas - 01230,arandas
01014,Arbent - 01100,arbent
01015,Arboys en Bugey - 01300,arbignieu
01016,Arbigny - 01190,arbigny
01017,Argis - 01230,argis
01019,Armix - 01510,armix
01021,Ars-sur-Formans - 01480,ars-sur-formans
01022,Artemare - 01510,artemare
01023,Asnières-sur-Saône - 01570,asnieres-sur-saone
10002,Ailleville - 10200,ailleville
10003,Aix-Villemaur-Pâlis - 10160,aix-en-othe
10004,Allibaudières - 10700,allibaudieres
10005,Amance - 10140,amance
10006,Arcis-sur-Aube - 10700,arcis-sur-aube
10007,Arconville - 10200,arconville
10008,Argançon - 10140,argancon
10009,Arrelles - 10340,arrelles
10010,Arrembécourt - 10330,arrembecourt
10011,Arrentières - 10200,arrentieres
10012,Arsonval - 10200,arsonval
10013,Assenay - 10320,assenay
10014,Assencières - 10220,assencieres
10015,Aubeterre - 10150,aubeterre
10017,Aulnay - 10240,aulnay
10018,Auxon - 10130,auxon
10019,Val-d'Auzon - 10220,val-d-auzon
10020,Avant-lès-Marcilly - 10400,avant-les-marcilly
10021,Avant-lès-Ramerupt - 10240,avant-les-ramerupt
21001,Agencourt - 21700,agencourt
21002,Agey - 21410,agey
21003,Ahuy - 21121,ahuy
21004,Aignay-le-Duc - 21510,aignay-le-duc
21005,Aiserey - 21110,aiserey
21006,Aisey-sur-Seine - 21400,aisey-sur-seine
21007,Aisy-sous-Thil - 21390,aisy-sous-thil
21008,Alise-Sainte-Reine - 21150,alise-sainte-reine
21009,Allerey - 21230,allerey
21010,Aloxe-Corton - 21420,aloxe-corton
21011,Ampilly-les-Bordes - 21450,ampilly-les-bordes
21012,Ampilly-le-Sec - 21400,ampilly-le-sec
21013,Ancey - 21410,ancey
21014,Antheuil - 21360,antheuil
21015,Antigny-la-Ville - 21230,antigny-la-ville
21016,Arceau - 21310,arceau
21017,Arcenant - 21700,arcenant
21018,Arcey - 21410,arcey
21020,Arconcey - 21320,arconcey
21021,Arc-sur-Tille - 21560,arc-sur-tille
24189,Fougueyrolles - 33220,fougueyrolles
24335,Port-Sainte-Foy-et-Ponchapt - 33220,port-sainte-foy-et-ponchapt
30001,Aigaliers - 30700,aigaliers
30002,Aigremont - 30350,aigremont
30003,Aigues-Mortes - 30220,aigues-mortes
30004,Aigues-Vives - 30670,aigues-vives-3
30005,Aiguèze - 30760,aigueze
30006,Aimargues - 30470,aimargues
30007,Alès - 30100,ales
30008,Allègre-les-Fumades - 30500,allegre-les-fumades
30009,Alzon - 30770,alzon
30010,Anduze - 30140,anduze
30011,Les Angles - 30133,les-angles
30012,Aramon - 30390,aramon
30013,Argilliers - 30210,argilliers
30014,Arpaillargues-et-Aureillac - 30700,arpaillargues-et-aureillac
30015,Arphy - 30120,arphy
30016,Arre - 30120,arre
30017,Arrigas - 30770,arrigas
30018,Aspères - 30250,asperes
03250,Saint-Pierre-Laval - 42620,saint-pierre-laval
07136,Laveyrune - 48250,laveyrune
15105,Leyvaux - 43450,leyvaux
40001,Aire-sur-l'Adour - 40800,aire-sur-l-adour
40002,Amou - 40330,amou
40003,Angoumé - 40990,angoume
40004,Angresse - 40150,angresse
40005,Arboucave - 40320,arboucave
40006,Arengosse - 40110,arengosse
40007,Argelos - 40700,argelos
40008,Argelouse - 40430,argelouse
40009,Arjuzanx - 40110,arjuzanx
40011,Arsague - 40330,arsague
40012,Artassenx - 40090,artassenx
40013,Arthez-d'Armagnac - 40190,arthez-d-armagnac
40014,Arue - 40120,arue
40015,Arx - 40310,arx
40016,Aubagnan - 40700,aubagnan
40017,Audignon - 40500,audignon
40018,Audon - 40400,audon
50002,Agneaux - 50180,agneaux
50003,Agon-Coutainville - 50230,agon-coutainville
50004,Airel - 50680,airel
50006,Amigny - 50620,amigny
50007,Ancteville - 50200,ancteville
50008,Anctoville-sur-Boscq - 50400,anctoville-sur-boscq
50013,Anneville-en-Saire - 50760,anneville-en-saire
50014,Anneville-sur-Mer - 50560,anneville-sur-mer
50015,Annoville - 50660,annoville
50016,Appeville - 50500,appeville
50019,Aucey-la-Plaine - 50170,aucey-la-plaine
50021,Audouville-la-Hubert - 50480,audouville-la-hubert
50022,Aumeville-Lestre - 50630,aumeville-lestre
50023,Auvers - 50500,auvers-2
50024,Auxais - 50500,auxais
50025,Avranches - 50300,avranches
50026,Azeville - 50310,azeville
50027,Bacilly - 50530,bacilly
50028,La Baleine - 50450,la-baleine
50029,Barenton - 50720,barenton
60001,Abancourt - 60220,abancourt-2
60002,Abbecourt - 60430,abbecourt-2
60003,Abbeville-Saint-Lucien - 60480,abbeville-saint-lucien
60004,Achy - 60690,achy
60005,Acy-en-Multien - 60620,acy-en-multien
60006,Les Ageux - 60700,les-ageux
60007,Agnetz - 60600,agnetz
60008,Airion - 60600,airion
60009,Allonne - 60000,allonne
60010,Amblainville - 60110,amblainville
60011,Amy - 60310,amy
60012,Andeville - 60570,andeville
60013,Angicourt - 60940,angicourt
60014,Angivillers - 60130,angivillers
60015,Angy - 60250,angy
60016,Ansacq - 60250,ansacq
60017,Ansauvillers - 60120,ansauvillers
60019,Antheuil-Portes - 60162,antheuil-portes
60020,Antilly - 60620,antilly-2
60021,Appilly - 60400,appilly
70001,Abelcourt - 70300,abelcourt
70002,Aboncourt-Gesincourt - 70500,aboncourt-gesincourt
70003,Achey - 70180,achey
70004,Adelans-et-le-Val-de-Bithaine - 70200,adelans-et-le-val-de-bithaine
70005,Aillevans - 70110,aillevans
70006,Aillevillers-et-Lyaumont - 70320,aillevillers-et-lyaumont
70007,Ailloncourt - 70300,ailloncourt
70008,Ainvelle - 70800,ainvelle
70009,Aisey-et-Richecourt - 70500,aisey-et-richecourt
70010,Alaincourt - 70210,alaincourt-2
70011,Amage - 70280,amage
70012,Amance - 70160,amance-3
70013,Ambiévillers - 70210,ambievillers
70014,Amblans-et-Velotte - 70200,amblans-et-velotte
70015,Amoncourt - 70170,amoncourt
70016,Amont-et-Effreney - 70310,amont-et-effreney
70017,Anchenoncourt-et-Chazel - 70210,anchenoncourt-et-chazel
70018,Ancier - 70100,ancier
70019,Andelarre - 70000,andelarre
70020,Andelarrot - 70000,andelarrot
80001,Abbeville - 80100,abbeville
80002,Ablaincourt-Pressoir - 80320,ablaincourt-pressoir
80003,Acheux-en-Amiénois - 80560,acheux-en-amienois
80004,Acheux-en-Vimeu - 80210,acheux-en-vimeu
80005,Agenville - 80370,agenville
80006,Agenvillers - 80150,agenvillers
80008,Aigneville - 80210,aigneville
80009,Ailly-le-Haut-Clocher - 80690,ailly-le-haut-clocher
80010,Ailly-sur-Noye - 80250,ailly-sur-noye
80011,Ailly-sur-Somme - 80470,ailly-sur-somme
80013,Airaines - 80270,airaines
80014,Aizecourt-le-Bas - 80240,aizecourt-le-bas
80015,Aizecourt-le-Haut - 80200,aizecourt-le-haut
80016,Albert - 80300,albert
80017,Allaines - 80200,allaines
80018,Allenay - 80130,allenay
80019,Allery - 80270,allery
80020,Allonville - 80260,allonville
80021,Amiens - 80000,amiens
90001,Andelnans - 90400,andelnans
90002,Angeot - 90150,angeot
90003,Anjoutey - 90170,anjoutey
90004,Argiésans - 90800,argiesans
90005,Auxelles-Bas - 90200,auxelles-bas
90006,Auxelles-Haut - 90200,auxelles-haut
90007,Banvillars - 90800,banvillars
90008,Bavilliers - 90800,bavilliers
90009,Beaucourt - 90500,beaucourt
90010,Belfort - 90000,belfort
90011,Bermont - 90400,bermont
90012,Bessoncourt - 90160,bessoncourt
90013,Bethonvilliers - 90150,bethonvilliers-2
90014,Boron - 90100,boron
90015,Botans - 90400,botans
90016,Bourg-sous-Châtelet - 90110,bourg-sous-chatelet
90017,Bourogne - 90140,bourogne
90018,Brebotte - 90140,brebotte
90019,Bretagne - 90130,bretagne-2
90020,Buc - 90800,buc-2
10002,Ailleville - 10200,ailleville
10003,Aix-Villemaur-Pâlis - 10160,aix-en-othe
10004,Allibaudières - 10700,allibaudieres
10005,Amance - 10140,amance
10006,Arcis-sur-Aube - 10700,arcis-sur-aube
10007,Arconville - 10200,arconville
10008,Argançon - 10140,argancon
10009,Arrelles - 10340,arrelles
10010,Arrembécourt - 10330,arrembecourt
10011,Arrentières - 10200,arrentieres
10012,Arsonval - 10200,arsonval
10013,Assenay - 10320,assenay
10014,Assencières - 10220,assencieres
10015,Aubeterre - 10150,aubeterre
10017,Aulnay - 10240,aulnay
10018,Auxon - 10130,auxon
10019,Val-d'Auzon - 10220,val-d-auzon
10020,Avant-lès-Marcilly - 10400,avant-les-marcilly
10021,Avant-lès-Ramerupt - 10240,avant-les-ramerupt
11001,Aigues-Vives - 11800,aigues-vives-2
11002,Airoux - 11320,airoux
11003,Ajac - 11300,ajac
11004,Alaigne - 11240,alaigne
11005,Alairac - 11290,alairac
11006,Albas - 11360,albas
11007,Albières - 11330,albieres
11008,Alet-les-Bains - 11580,alet-les-bains
11009,Alzonne - 11170,alzonne
11010,Antugnac - 11190,antugnac
11011,Aragon - 11600,aragon
11012,Argeliers - 11120,argeliers
11013,Argens-Minervois - 11200,argens-minervois
11014,Armissan - 11110,armissan
11015,Arques - 11190,arques
11016,Arquettes-en-Val - 11220,arquettes-en-val
11017,Artigues - 11140,artigues-2
11018,Arzens - 11290,arzens
11019,Aunat - 11140,aunat
11020,Auriac - 11330,auriac
12001,Agen-d'Aveyron - 12630,agen-d-aveyron
12002,Aguessac - 12520,aguessac
12003,Les Albres - 12220,les-albres
12004,Almont-les-Junies - 12300,almont-les-junies
12006,Alrance - 12430,alrance
12007,Ambeyrac - 12260,ambeyrac
12008,Anglars-Saint-Félix - 12390,anglars-saint-felix
12009,Arnac-sur-Dourdou - 12360,arnac-sur-dourdou
12010,Arques - 12290,arques-2
12011,Arvieu - 12120,arvieu
12012,Asprières - 12700,asprieres
12013,Aubin - 12110,aubin
12015,Auriac-Lagast - 12120,auriac-lagast
12016,Auzits - 12390,auzits
12017,Ayssènes - 12430,ayssenes
12018,Balaguier-d'Olt - 12260,balaguier-d-olt
12019,Balaguier-sur-Rance - 12380,balaguier-sur-rance
12021,Le Bas Ségala - 12200,la-bastide-l-eveque
12022,La Bastide-Pradines - 12490,la-bastide-pradines
13001,Aix-en-Provence - 13080,aix-en-provence
13002,Allauch - 13190,allauch
13003,Alleins - 13980,alleins
13004,Arles - 13104,arles
13005,Aubagne - 13400,aubagne
13006,Aureille - 13930,aureille
13007,Auriol - 13390,auriol
13008,Aurons - 13121,aurons
13009,La Barben - 13330,la-barben
13010,Barbentane - 13570,barbentane
13011,Les Baux-de-Provence - 13520,les-baux-de-provence
13012,Beaurecueil - 13100,beaurecueil
13214,Marseille 14e Arrondissement - 13014,marseille-14
14001,Ablon - 14600,ablon
14002,Acqueville - 14220,acqueville
14003,Agy - 14400,agy
14005,Valambray - 14370,airan
14006,Amayé-sur-Orne - 14210,amaye-sur-orne
14007,Amayé-sur-Seulles - 14310,amaye-sur-seulles
14009,Amfreville - 14860,amfreville
14011,Aurseulles - 14240,anctoville
14012,Angerville - 14430,angerville
14013,Angoville - 14220,angoville
14014,Colomby-Anguerny - 14610,anguerny
14015,Anisy - 14610,anisy
14016,Annebault - 14430,annebault
14019,Arganchy - 14400,arganchy
14020,Argences - 14370,argences
14021,Arromanches-les-Bains - 14117,arromanches-les-bains
14022,Asnelles - 14960,asnelles
14023,Asnières-en-Bessin - 14710,asnieres-en-bessin
14024,Auberville - 14640,auberville
13215,Marseille 15e Arrondissement - 13015,marseille-15
15001,Allanche - 15160,allanche
15002,Alleuze - 15100,alleuze
15003,Ally - 15700,ally
15004,Andelat - 15100,andelat
15005,Anglards-de-Saint-Flour - 15100,anglards-de-saint-flour
15006,Anglards-de-Salers - 15380,anglards-de-salers
15007,Anterrieux - 15110,anterrieux
15008,Antignac - 15240,antignac
15009,Apchon - 15400,apchon
15010,Arches - 15200,arches
15011,Arnac - 15150,arnac
15012,Arpajon-sur-Cère - 15130,arpajon-sur-cere
15013,Auriac-l'Église - 15500,auriac-l-eglise
15014,Aurillac - 15000,aurillac
15015,Auzers - 15240,auzers
15016,Ayrens - 15250,ayrens
15017,Badailhac - 15800,badailhac
15018,Barriac-les-Bosquets - 15700,barriac-les-bosquets
15019,Bassignac - 15240,bassignac
13216,Marseille 16e Arrondissement - 13016,marseille-16
16001,Abzac - 16500,abzac
16002,Les Adjots - 16700,les-adjots
16003,Agris - 16110,agris
16005,Aigre - 16140,aigre
16007,Alloue - 16490,alloue
16008,Ambérac - 16140,amberac
16009,Ambernac - 16490,ambernac
16010,Ambleville - 16300,ambleville
16011,Anais - 16560,anais
16012,Angeac-Champagne - 16130,angeac-champagne
16013,Angeac-Charente - 16120,angeac-charente
16014,Angeduc - 16300,angeduc
16015,Angoulême - 16000,angouleme
16016,Ansac-sur-Vienne - 16500,ansac-sur-vienne
16017,Anville - 16170,anville
16018,Ars - 16130,ars
16019,Asnières-sur-Nouère - 16290,asnieres-sur-nouere
16020,Aubeterre-sur-Dronne - 16390,aubeterre-sur-dronne
16023,Aunac-sur-Charente - 16460,aunac
17002,Agudelle - 17500,agudelle
17003,Aigrefeuille-d'Aunis - 17290,aigrefeuille-d-aunis
17004,Île-d'Aix - 17123,ile-d-aix
17005,Allas-Bocage - 17150,allas-bocage
17006,Allas-Champagne - 17500,allas-champagne
17007,Anais - 17540,anais-2
17008,Andilly - 17230,andilly
17009,Angliers - 17540,angliers
17010,Angoulins - 17690,angoulins
17011,Annepont - 17350,annepont
17012,Annezay - 17380,annezay
17013,Antezant-la-Chapelle - 17400,antezant-la-chapelle
17015,Arces - 17120,arces
17016,Archiac - 17520,archiac
17017,Archingeay - 17380,archingeay
17018,Ardillières - 17290,ardillieres
17019,Ars-en-Ré - 17590,ars-en-re
17020,Arthenac - 17520,arthenac
17021,Arvert - 17530,arvert
17022,Asnières-la-Giraud - 17400,asnieres-la-giraud
18001,Achères - 18250,acheres
18002,Ainay-le-Vieil - 18200,ainay-le-vieil
18003,Les Aix-d'Angillon - 18220,les-aix-d-angillon
18004,Allogny - 18110,allogny
18005,Allouis - 18500,allouis
18006,Annoix - 18340,annoix
18007,Apremont-sur-Allier - 18150,apremont-sur-allier
18008,Arçay - 18340,arcay
18009,Arcomps - 18200,arcomps
18010,Ardenais - 18170,ardenais
18011,Argent-sur-Sauldre - 18410,argent-sur-sauldre
18012,Argenvières - 18140,argenvieres
18013,Arpheuilles - 18200,arpheuilles
18014,Assigny - 18260,assigny
18015,Aubigny-sur-Nère - 18700,aubigny-sur-nere
18016,Aubinges - 18220,aubinges
18017,Augy-sur-Aubois - 18600,augy-sur-aubois
18018,Avord - 18520,avord
18019,Azy - 18220,azy
18020,Bannay - 18300,bannay
19001,Affieux - 19260,affieux
19002,Aix - 19200,aix
19003,Albignac - 19190,albignac
19004,Albussac - 19380,albussac
19005,Allassac - 19240,allassac
19006,Alleyrat - 19200,alleyrat
19007,Altillac - 19120,altillac
19008,Ambrugeat - 19250,ambrugeat
19009,Les Angles-sur-Corrèze - 19000,les-angles-sur-correze
19010,Argentat-sur-Dordogne - 19400,argentat
19011,Arnac-Pompadour - 19230,arnac-pompadour
19012,Astaillac - 19120,astaillac
19013,Aubazines - 19190,aubazines
19014,Auriac - 19220,auriac-2
19015,Ayen - 19310,ayen
19016,Bar - 19800,bar
19017,Bassignac-le-Bas - 19430,bassignac-le-bas
19018,Bassignac-le-Haut - 19220,bassignac-le-haut
19019,Beaulieu-sur-Dordogne - 19120,beaulieu-sur-dordogne
19020,Beaumont - 19390,beaumont-2
2A001,Afa - 20167,afa
2A004,Ajaccio - 20000,ajaccio
2A006,Alata - 20167,alata
2A008,Albitreccia - 20128,albitreccia
2A011,Altagène - 20112,altagene
2A014,Ambiegna - 20151,ambiegna
2A017,Appietto - 20167,appietto
2A018,Arbellara - 20110,arbellara
2A019,Arbori - 20160,arbori
2A021,Argiusta-Moriccio - 20140,argiusta-moriccio
2A022,Arro - 20151,arro
2A024,Aullène - 20116,aullene
2A026,Azilone-Ampaza - 20190,azilone-ampaza
2A027,Azzana - 20121,azzana
2A028,Balogna - 20160,balogna
2A031,Bastelica - 20119,bastelica
2A032,Bastelicaccia - 20129,bastelicaccia
21001,Agencourt - 21700,agencourt
21002,Agey - 21410,agey
21003,Ahuy - 21121,ahuy
21004,Aignay-le-Duc - 21510,aignay-le-duc
21005,Aiserey - 21110,aiserey
21006,Aisey-sur-Seine - 21400,aisey-sur-seine
21007,Aisy-sous-Thil - 21390,aisy-sous-thil
21008,Alise-Sainte-Reine - 21150,alise-sainte-reine
21009,Allerey - 21230,allerey
21010,Aloxe-Corton - 21420,aloxe-corton
21011,Ampilly-les-Bordes - 21450,ampilly-les-bordes
21012,Ampilly-le-Sec - 21400,ampilly-le-sec
21013,Ancey - 21410,ancey
21014,Antheuil - 21360,antheuil
21015,Antigny-la-Ville - 21230,antigny-la-ville
21016,Arceau - 21310,arceau
21017,Arcenant - 21700,arcenant
21018,Arcey - 21410,arcey
21020,Arconcey - 21320,arconcey
21021,Arc-sur-Tille - 21560,arc-sur-tille
22001,Allineuc - 22460,allineuc
22002,Andel - 22400,andel
22003,Aucaleuc - 22100,aucaleuc
22004,Bégard - 22140,begard
22005,Belle-Isle-en-Terre - 22810,belle-isle-en-terre
22006,Berhet - 22140,berhet
22008,Bobital - 22100,bobital
22009,Le Bodéo - 22320,le-bodeo
22011,Boqueho - 22170,boqueho
22012,La Bouillie - 22240,la-bouillie
22013,Bourbriac - 22390,bourbriac
22014,Bourseul - 22130,bourseul
22015,Bréhand - 22510,brehand
22016,Île-de-Bréhat - 22870,ile-de-brehat
22018,Brélidy - 22140,brelidy
22019,Bringolo - 22170,bringolo
22020,Broons - 22250,broons
22021,Brusvily - 22100,brusvily
22023,Bulat-Pestivien - 22160,bulat-pestivien
22024,Calanhel - 22160,calanhel
23001,Ahun - 23150,ahun
23002,Ajain - 23380,ajain
23003,Alleyrat - 23200,alleyrat-2
23004,Anzême - 23000,anzeme
23005,Arfeuille-Châtain - 23700,arfeuille-chatain
23006,Arrènes - 23210,arrenes
23007,Ars - 23480,ars-2
23008,Aubusson - 23200,aubusson
23009,Auge - 23170,auge-2
23010,Augères - 23210,augeres
23011,Aulon - 23210,aulon-23011
23012,Auriat - 23400,auriat
23013,Auzances - 23700,auzances
23014,Azat-Châtenet - 23210,azat-chatenet
23015,Azerables - 23160,azerables
23016,Banize - 23120,banize
23017,Basville - 23260,basville
23018,Bazelat - 23160,bazelat
23019,Beissat - 23260,beissat
23020,Bellegarde-en-Marche - 23190,bellegarde-en-marche
24001,Abjat-sur-Bandiat - 24300,abjat-sur-bandiat
24002,Agonac - 24460,agonac
24004,Ajat - 24210,ajat
24005,Alles-sur-Dordogne - 24480,alles-sur-dordogne
24006,Allas-les-Mines - 24220,allas-les-mines
24007,Allemans - 24600,allemans
24008,Angoisse - 24270,angoisse
24009,Anlhiac - 24160,anlhiac
24010,Annesse-et-Beaulieu - 24430,annesse-et-beaulieu
24011,Antonne-et-Trigonant - 24420,antonne-et-trigonant
24012,Archignac - 24590,archignac
24014,Aubas - 24290,aubas
24015,Audrix - 24260,audrix
24016,Augignac - 24300,augignac
24018,Auriac-du-Périgord - 24290,auriac-du-perigord
24019,Azerat - 24210,azerat
24020,La Bachellerie - 24210,la-bachellerie
24021,Badefols-d'Ans - 24390,badefols-d-ans
24022,Badefols-sur-Dordogne - 24150,badefols-sur-dordogne
24023,Baneuil - 24150,baneuil
25001,Abbans-Dessous - 25320,abbans-dessous
25002,Abbans-Dessus - 25440,abbans-dessus
25003,Abbenans - 25340,abbenans
25004,Abbévillers - 25310,abbevillers
25005,Accolans - 25250,accolans
25006,Adam-lès-Passavant - 25360,adam-les-passavant
25007,Adam-lès-Vercel - 25530,adam-les-vercel
25008,Aibre - 25750,aibre
25009,Aïssey - 25360,aissey
25011,Allenjoie - 25490,allenjoie
25012,Les Alliés - 25300,les-allies
25013,Allondans - 25550,allondans
25014,Amagney - 25220,amagney
25015,Amancey - 25330,amancey
25016,Amathay-Vésigneux - 25330,amathay-vesigneux
25017,Amondans - 25330,amondans
25018,Anteuil - 25340,anteuil
25019,Appenans - 25250,appenans
25020,Arbouans - 25400,arbouans
25021,Arc-et-Senans - 25610,arc-et-senans
26001,Solaure en Diois - 26150,aix-en-diois
26002,Albon - 26140,albon
26003,Aleyrac - 26770,aleyrac
26004,Alixan - 26300,alixan
26005,Allan - 26780,allan
26006,Allex - 26400,allex
26007,Ambonil - 26800,ambonil
26008,Ancône - 26200,ancone
26009,Andancette - 26140,andancette
26010,Anneyron - 26140,anneyron
26011,Aouste-sur-Sye - 26400,aouste-sur-sye
26012,Arnayon - 26470,arnayon
26013,Arpavon - 26110,arpavon
26014,Arthémonay - 26260,arthemonay
26015,Aubenasson - 26340,aubenasson
26016,Aubres - 26110,aubres
26017,Aucelon - 26340,aucelon
26018,Aulan - 26570,aulan
26019,Aurel - 26340,aurel
26020,La Répara-Auriples - 26400,la-repara-auriples
27001,Aclou - 27800,aclou
27002,Acon - 27570,acon
27003,Acquigny - 27400,acquigny
27004,Aigleville - 27120,aigleville
27005,Ailly - 27600,ailly
27006,Aizier - 27500,aizier
27008,Alizay - 27460,alizay
27009,Ambenay - 27250,ambenay
27010,Amécourt - 27140,amecourt
27011,Amfreville-Saint-Amand - 27370,amfreville-la-campagne
27012,Amfreville-les-Champs - 27380,amfreville-les-champs
27013,Amfreville-sous-les-Monts - 27380,amfreville-sous-les-monts
27014,Amfreville-sur-Iton - 27400,amfreville-sur-iton
27015,Andé - 27430,ande
27016,Les Andelys - 27700,les-andelys
27017,Angerville-la-Campagne - 27930,angerville-la-campagne
27018,Appeville-Annebault - 27290,appeville-annebault
27019,Armentières-sur-Avre - 27820,armentieres-sur-avre
27020,Arnières-sur-Iton - 27180,arnieres-sur-iton
27021,Asnières - 27260,asnieres
28001,Abondant - 28410,abondant
28002,Allaines-Mervilliers - 28310,allaines-mervilliers
28003,Allainville - 28500,allainville
28004,Allonnes - 28150,allonnes
28005,Alluyes - 28800,alluyes
28006,Amilly - 28300,amilly
28007,Anet - 28260,anet
28008,Ardelles - 28170,ardelles
28009,Ardelu - 28700,ardelu
28010,Argenvilliers - 28480,argenvilliers
28012,Commune nouvelle d'Arrou - 28290,arrou
28013,Aunay-sous-Auneau - 28700,aunay-sous-auneau
28014,Aunay-sous-Crécy - 28500,aunay-sous-crecy
28015,Auneau-Bleury-Saint-Symphorien - 28700,auneau
28016,Les Autels-Villevillon - 28330,les-autels-villevillon
28018,Authon-du-Perche - 28330,authon-du-perche
28019,Baigneaux - 28140,baigneaux
28021,Bailleau-le-Pin - 28120,bailleau-le-pin
28022,Bailleau-l'Évêque - 28300,bailleau-l-eveque
28023,Bailleau-Armenonville - 28320,bailleau-armenonville
29001,Argol - 29560,argol
29002,Arzano - 29300,arzano
29003,Audierne - 29770,audierne
29004,Bannalec - 29380,bannalec
29005,Baye - 29300,baye
29006,Bénodet - 29950,benodet
29007,Berrien - 29690,berrien
29008,Beuzec-Cap-Sizun - 29790,beuzec-cap-sizun
29010,Bodilis - 29400,bodilis
29011,Bohars - 29820,bohars
29012,Bolazec - 29640,bolazec
29013,Botmeur - 29690,botmeur
29014,Botsorhel - 29650,botsorhel
29015,Bourg-Blanc - 29860,bourg-blanc
29016,Brasparts - 29190,brasparts
29017,Brélès - 29810,breles
29018,Brennilis - 29690,brennilis
29019,Brest - 29200,brest
29020,Briec - 29510,briec
29021,Plounéour-Brignogan-plages - 29890,brignogan-plage
30001,Aigaliers - 30700,aigaliers
30002,Aigremont - 30350,aigremont
30003,Aigues-Mortes - 30220,aigues-mortes
30004,Aigues-Vives - 30670,aigues-vives-3
30005,Aiguèze - 30760,aigueze
30006,Aimargues - 30470,aimargues
30007,Alès - 30100,ales
30008,Allègre-les-Fumades - 30500,allegre-les-fumades
30009,Alzon - 30770,alzon
30010,Anduze - 30140,anduze
30011,Les Angles - 30133,les-angles
30012,Aramon - 30390,aramon
30013,Argilliers - 30210,argilliers
30014,Arpaillargues-et-Aureillac - 30700,arpaillargues-et-aureillac
30015,Arphy - 30120,arphy
30016,Arre - 30120,arre
30017,Arrigas - 30770,arrigas
30018,Aspères - 30250,asperes
30019,Aubais - 30250,aubais
30020,Aubord - 30620,aubord
31001,Agassac - 31230,agassac
31002,Aignes - 31550,aignes
31003,Aigrefeuille - 31280,aigrefeuille
31004,Ayguesvives - 31450,ayguesvives
31005,Alan - 31420,alan
31006,Albiac - 31460,albiac
31007,Ambax - 31230,ambax
31008,Anan - 31230,anan
31009,Antichan-de-Frontignes - 31510,antichan-de-frontignes
31010,Antignac - 31110,antignac-2
31011,Arbas - 31160,arbas
31012,Arbon - 31160,arbon
31013,Ardiège - 31210,ardiege
31014,Arguenos - 31160,arguenos
31015,Argut-Dessous - 31440,argut-dessous
31017,Arlos - 31440,arlos
31018,Arnaud-Guilhem - 31360,arnaud-guilhem
31019,Artigue - 31110,artigue
31020,Aspet - 31160,aspet
31021,Aspret-Sarrat - 31800,aspret-sarrat
32001,Aignan - 32290,aignan
32002,Ansan - 32270,ansan
32003,Antras - 32360,antras-2
32004,Arblade-le-Bas - 32720,arblade-le-bas
32005,Arblade-le-Haut - 32110,arblade-le-haut
32007,Ardizas - 32430,ardizas
32008,Armentieux - 32230,armentieux
32009,Armous-et-Cau - 32230,armous-et-cau
32010,Arrouède - 32140,arrouede
32012,Aubiet - 32270,aubiet
32013,Auch - 32000,auch
32014,Augnax - 32120,augnax
32015,Aujan-Mournède - 32300,aujan-mournede
32016,Auradé - 32600,aurade
32017,Aurensan - 32400,aurensan
32018,Aurimont - 32450,aurimont
32019,Auterive - 32550,auterive-2
32020,Aux-Aussat - 32170,aux-aussat
32021,Avensac - 32120,avensac
32022,Avéron-Bergelle - 32290,averon-bergelle
24189,Fougueyrolles - 33220,fougueyrolles
24335,Port-Sainte-Foy-et-Ponchapt - 33220,port-sainte-foy-et-ponchapt
33001,Abzac - 33230,abzac-2
33002,Aillas - 33124,aillas
33003,Ambarès-et-Lagrave - 33440,ambares-et-lagrave
33004,Ambès - 33810,ambes
33005,Andernos-les-Bains - 33510,andernos-les-bains
33006,Anglade - 33390,anglade
33007,Arbanats - 33640,arbanats
33008,Arbis - 33760,arbis
33009,Arcachon - 33120,arcachon
33010,Arcins - 33460,arcins
33011,Arès - 33740,ares
33012,Arsac - 33460,arsac
33013,Artigues-près-Bordeaux - 33370,artigues-pres-bordeaux
33014,Les Artigues-de-Lussac - 33570,les-artigues-de-lussac
33015,Arveyres - 33500,arveyres
33016,Asques - 33240,asques
33017,Aubiac - 33430,aubiac
33018,Val de Virvée - 33240,aubie-et-espessas
34001,Abeilhan - 34290,abeilhan
34002,Adissan - 34230,adissan
34003,Agde - 34300,agde
34004,Agel - 34210,agel
34005,Agonès - 34190,agones
34006,Aigne - 34210,aigne
34007,Aigues-Vives - 34210,aigues-vives-4
34008,Les Aires - 34600,les-aires
34009,Alignan-du-Vent - 34290,alignan-du-vent
34010,Aniane - 34150,aniane
34011,Arboras - 34150,arboras
34012,Argelliers - 34380,argelliers
34013,Aspiran - 34800,aspiran
34014,Assas - 34820,assas
34015,Assignan - 34360,assignan
34016,Aumelas - 34230,aumelas
34017,Aumes - 34530,aumes
34018,Autignac - 34480,autignac
34019,Avène - 34260,avene
34020,Azillanet - 34210,azillanet
35001,Acigné - 35690,acigne
35002,Amanlis - 35150,amanlis
35003,Andouillé-Neuville - 35250,andouille-neuville
35004,Antrain - 35560,antrain
35005,Arbrissel - 35130,arbrissel
35006,Argentré-du-Plessis - 35370,argentre-du-plessis
35007,Aubigné - 35250,aubigne
35008,Availles-sur-Seiche - 35130,availles-sur-seiche
35009,Baguer-Morvan - 35120,baguer-morvan
35010,Baguer-Pican - 35120,baguer-pican
35011,Baillé - 35460,baille
35012,Bain-de-Bretagne - 35470,bain-de-bretagne
35013,Bains-sur-Oust - 35600,bains-sur-oust
35014,Bais - 35680,bais
35015,Balazé - 35500,balaze
35016,Baulon - 35580,baulon
35017,La Baussaine - 35190,la-baussaine
35018,La Bazouge-du-Désert - 35420,la-bazouge-du-desert
35019,Bazouges-la-Pérouse - 35560,bazouges-la-perouse
35021,Beaucé - 35133,beauce
36001,Aigurande - 36140,aigurande
36002,Aize - 36150,aize
36003,Ambrault - 36120,ambrault
36004,Anjouin - 36210,anjouin
36005,Ardentes - 36120,ardentes
36006,Argenton-sur-Creuse - 36200,argenton-sur-creuse
36007,Argy - 36500,argy
36008,Arpheuilles - 36700,arpheuilles-2
36009,Arthon - 36330,arthon
36010,Azay-le-Ferron - 36290,azay-le-ferron
36011,Bagneux - 36210,bagneux-3
36012,Baraize - 36270,baraize
36013,Baudres - 36110,baudres
36014,Bazaiges - 36270,bazaiges
36015,Beaulieu - 36310,beaulieu-7
36016,Bélâbre - 36370,belabre
36017,La Berthenoux - 36400,la-berthenoux
36018,Le Blanc - 36300,le-blanc
36019,Bommiers - 36120,bommiers
36020,Bonneuil - 36310,bonneuil-2
37001,Abilly - 37160,abilly
37002,Ambillou - 37340,ambillou
37003,Amboise - 37400,amboise
37004,Anché - 37500,anche
37005,Antogny-le-Tillac - 37800,antogny-le-tillac
37006,Artannes-sur-Indre - 37260,artannes-sur-indre
37007,Assay - 37120,assay
37008,Athée-sur-Cher - 37270,athee-sur-cher
37009,Autrèche - 37110,autreche
37010,Auzouer-en-Touraine - 37110,auzouer-en-touraine
37011,Avoine - 37420,avoine
37012,Avon-les-Roches - 37220,avon-les-roches
37013,Avrillé-les-Ponceaux - 37340,avrille-les-ponceaux
37014,Azay-le-Rideau - 37190,azay-le-rideau
37015,Azay-sur-Cher - 37270,azay-sur-cher
37016,Azay-sur-Indre - 37310,azay-sur-indre
37018,Ballan-Miré - 37510,ballan-mire
37019,Barrou - 37350,barrou
37020,Beaulieu-lès-Loches - 37600,beaulieu-les-loches
37021,Beaumont-Louestault - 37360,beaumont-la-ronce
38001,Les Abrets en Dauphiné - 38490,les-abrets
38002,Les Adrets - 38190,les-adrets
38003,Agnin - 38150,agnin
38004,L'Albenc - 38470,l-albenc
38005,Allemond - 38114,allemond
38006,Allevard - 38580,allevard
38008,Ambel - 38970,ambel
38009,Anjou - 38150,anjou
38010,Annoisin-Chatelans - 38460,annoisin-chatelans
38011,Anthon - 38280,anthon
38012,Aoste - 38490,aoste
38013,Apprieu - 38140,apprieu
38015,Artas - 38440,artas
38016,Arzay - 38260,arzay
38017,Assieu - 38150,assieu
38018,Auberives-en-Royans - 38680,auberives-en-royans
38019,Auberives-sur-Varèze - 38550,auberives-sur-vareze
38020,Auris - 38142,auris
38022,Les Avenières Veyrins-Thuellin - 38630,les-avenieres
38023,Avignonet - 38650,avignonet
39001,Abergement-la-Ronce - 39500,abergement-la-ronce
39002,Abergement-le-Grand - 39600,abergement-le-grand
39003,Abergement-le-Petit - 39800,abergement-le-petit
39004,Abergement-lès-Thésy - 39110,abergement-les-thesy
39006,Aiglepierre - 39110,aiglepierre
39007,Alièze - 39270,alieze
39008,Amange - 39700,amange
39009,Andelot-en-Montagne - 39110,andelot-en-montagne
39010,Andelot-Morval - 39320,andelot-morval
39011,Annoire - 39120,annoire
39013,Arbois - 39600,arbois
39014,Archelange - 39290,archelange
39015,Ardon - 39300,ardon
39016,Arinthod - 39240,arinthod
39017,Arlay - 39140,arlay
39018,Aromas - 39240,aromas
39019,Les Arsures - 39600,les-arsures
39020,Arsure-Arsurette - 39250,arsure-arsurette
39021,La Chailleuse - 39270,arthenas
40001,Aire-sur-l'Adour - 40800,aire-sur-l-adour
40002,Amou - 40330,amou
40003,Angoumé - 40990,angoume
40004,Angresse - 40150,angresse
40005,Arboucave - 40320,arboucave
40006,Arengosse - 40110,arengosse
40007,Argelos - 40700,argelos
40008,Argelouse - 40430,argelouse
40009,Arjuzanx - 40110,arjuzanx
40011,Arsague - 40330,arsague
40012,Artassenx - 40090,artassenx
40013,Arthez-d'Armagnac - 40190,arthez-d-armagnac
40014,Arue - 40120,arue
40015,Arx - 40310,arx
40016,Aubagnan - 40700,aubagnan
40017,Audignon - 40500,audignon
40018,Audon - 40400,audon
40019,Aureilhan - 40200,aureilhan
40020,Aurice - 40500,aurice
40021,Azur - 40140,azur
41001,Ambloy - 41310,ambloy
41002,Angé - 41400,ange
41003,Areines - 41100,areines
41004,Artins - 41800,artins
41006,Autainville - 41240,autainville
41007,Authon - 41310,authon-2
41008,Avaray - 41500,avaray
41009,Averdon - 41330,averdon
41010,Azé - 41100,aze
41012,Baillou - 41170,baillou
41013,Bauzy - 41250,bauzy
41014,Beauchêne - 41170,beauchene
41016,Billy - 41130,billy-3
41017,Binas - 41240,binas
41018,Blois - 41000,blois
41019,Boisseau - 41290,boisseau
41020,Bonneveau - 41800,bonneveau
41022,Bouffry - 41270,bouffry
41024,Boursay - 41270,boursay
41025,Bracieux - 41250,bracieux
03250,Saint-Pierre-Laval - 42620,saint-pierre-laval
42001,Aboën - 42380,aboen
42002,Ailleux - 42130,ailleux
42003,Ambierle - 42820,ambierle
42004,Amions - 42260,amions
42005,Andrézieux-Bouthéon - 42160,andrezieux-boutheon
42006,Apinac - 42550,apinac
42007,Arcinges - 42460,arcinges
42008,Arcon - 42370,arcon-2
42009,Arthun - 42130,arthun
42010,Aveizieux - 42330,aveizieux
42011,Balbigny - 42510,balbigny
42012,Bard - 42600,bard
42013,Bellegarde-en-Forez - 42210,bellegarde-en-forez
42014,Belleroche - 42670,belleroche
42015,Belmont-de-la-Loire - 42670,belmont-de-la-loire
42016,La Bénisson-Dieu - 42720,la-benisson-dieu
42017,Le Bessat - 42660,le-bessat
42018,Bessey - 42520,bessey
42019,Boën-sur-Lignon - 42130,boen
15105,Leyvaux - 43450,leyvaux
43001,Agnat - 43100,agnat
43002,Aiguilhe - 43000,aiguilhe
43003,Allègre - 43270,allegre
43004,Alleyrac - 43150,alleyrac
43005,Alleyras - 43580,alleyras
43006,Ally - 43380,ally-2
43007,Araules - 43200,araules
43008,Arlempdes - 43490,arlempdes
43009,Arlet - 43380,arlet
43010,Arsac-en-Velay - 43700,arsac-en-velay
43011,Aubazat - 43380,aubazat
43012,Aurec-sur-Loire - 43110,aurec-sur-loire
43013,Vissac-Auteyrac - 43300,vissac-auteyrac
43014,Autrac - 43450,autrac
43015,Auvers - 43300,auvers
43016,Auzon - 43390,auzon
43017,Azérat - 43390,azerat-2
43018,Bains - 43370,bains
43019,Barges - 43340,barges-2
44001,Abbaretz - 44170,abbaretz
44002,Aigrefeuille-sur-Maine - 44140,aigrefeuille-sur-maine
44003,Ancenis - 44150,ancenis
44005,Chaumes-en-Retz - 44320,arthon-en-retz
44006,Assérac - 44410,asserac
44007,Avessac - 44460,avessac
44009,Basse-Goulaine - 44115,basse-goulaine
44010,Batz-sur-Mer - 44740,batz-sur-mer
44012,La Bernerie-en-Retz - 44760,la-bernerie-en-retz
44013,Besné - 44160,besne
44014,Le Bignon - 44140,le-bignon
44015,Blain - 44130,blain
44016,La Boissière-du-Doré - 44430,la-boissiere-du-dore
44018,Bouaye - 44830,bouaye
44019,Bouée - 44260,bouee
44020,Bouguenais - 44340,bouguenais
44021,Villeneuve-en-Retz - 44580,bourgneuf-en-retz
44022,Boussay - 44190,boussay-2
44023,Bouvron - 44130,bouvron
45001,Adon - 45230,adon
45002,Aillant-sur-Milleron - 45230,aillant-sur-milleron
45004,Amilly - 45200,amilly-2
45005,Andonville - 45480,andonville
45006,Ardon - 45160,ardon-2
45008,Artenay - 45410,artenay
45009,Aschères-le-Marché - 45170,ascheres-le-marche
45010,Ascoux - 45300,ascoux
45011,Attray - 45170,attray
45012,Audeville - 45300,audeville
45013,Augerville-la-Rivière - 45330,augerville-la-riviere
45014,Aulnay-la-Rivière - 45390,aulnay-la-riviere
45015,Autruy-sur-Juine - 45480,autruy-sur-juine
45016,Autry-le-Châtel - 45500,autry-le-chatel
45017,Auvilliers-en-Gâtinais - 45270,auvilliers-en-gatinais
45018,Auxy - 45340,auxy
45019,Baccon - 45130,baccon
45020,Le Bardon - 45130,le-bardon
45021,Barville-en-Gâtinais - 45340,barville-en-gatinais
45022,Batilly-en-Gâtinais - 45340,batilly-en-gatinais
46001,Albas - 46140,albas-2
46002,Albiac - 46500,albiac-2
46003,Alvignac - 46500,alvignac
46004,Anglars - 46120,anglars
46005,Anglars-Juillac - 46140,anglars-juillac
46006,Anglars-Nozac - 46300,anglars-nozac
46007,Arcambal - 46090,arcambal
46008,Les Arques - 46250,les-arques
46009,Assier - 46320,assier
46010,Aujols - 46090,aujols
46011,Autoire - 46400,autoire
46012,Aynac - 46120,aynac
46013,Bach - 46230,bach
46014,Bagat-en-Quercy - 46800,bagat-en-quercy
46015,Bagnac-sur-Célé - 46270,bagnac-sur-cele
46016,Baladou - 46600,baladou
46017,Bannes - 46400,bannes
46018,Le Bastit - 46500,le-bastit
46020,Beauregard - 46260,beauregard-2
46021,Béduer - 46100,beduer
47001,Agen - 47000,agen
47002,Agmé - 47350,agme
47003,Agnac - 47800,agnac
47004,Aiguillon - 47190,aiguillon
47005,Allemans-du-Dropt - 47800,allemans-du-dropt
47006,Allez-et-Cazeneuve - 47110,allez-et-cazeneuve
47007,Allons - 47420,allons-2
47008,Ambrus - 47160,ambrus
47009,Andiran - 47170,andiran
47010,Antagnac - 47700,antagnac
47011,Anthé - 47370,anthe
47012,Anzex - 47700,anzex
47013,Argenton - 47250,argenton
47014,Armillac - 47800,armillac
47015,Astaffort - 47220,astaffort
47016,Aubiac - 47310,aubiac-2
47017,Auradou - 47140,auradou
47018,Auriac-sur-Dropt - 47120,auriac-sur-dropt
47019,Bajamont - 47480,bajamont
47020,Baleyssagues - 47120,baleyssagues
07136,Laveyrune - 48250,laveyrune
48001,Albaret-le-Comtal - 48310,albaret-le-comtal
48002,Albaret-Sainte-Marie - 48200,albaret-sainte-marie
48003,Allenc - 48190,allenc
48004,Altier - 48800,altier
48005,Antrenas - 48100,antrenas
48007,Arzenc-d'Apcher - 48310,arzenc-d-apcher
48008,Arzenc-de-Randon - 48170,arzenc-de-randon
48009,Peyre en Aubrac - 48130,aumont-aubrac
48010,Auroux - 48600,auroux
48012,Les Monts-Verts - 48200,les-monts-verts
48013,Badaroux - 48000,badaroux
48015,Pied-de-Borne - 48800,pied-de-borne
48016,Balsièges - 48000,balsieges
48017,Banassac-Canilhac - 48500,banassac
48018,Barjac - 48000,barjac-3
48019,Barre-des-Cévennes - 48400,barre-des-cevennes
48020,Bassurels - 48400,bassurels
48021,La Bastide-Puylaurent - 48250,la-bastide-puylaurent
48025,Les Bessons - 48200,les-bessons
49002,Allonnes - 49650,allonnes-2
49003,Tuffalun - 49700,ambillou-chateau
49007,Angers - 49000,angers
49008,Angrie - 49440,angrie
49009,Antoigné - 49260,antoigne
49010,Armaillé - 49420,armaille
49011,Artannes-sur-Thouet - 49260,artannes-sur-thouet
49012,Aubigné-sur-Layon - 49540,aubigne-sur-layon
49015,Avrillé - 49240,avrille
49017,Baracé - 49430,barace
49018,Baugé-en-Anjou - 49150,bauge
49020,Beaucouzé - 49070,beaucouze
49021,Beaufort-en-Anjou - 49250,beaufort-en-vallee
49022,Beaulieu-sur-Layon - 49750,beaulieu-sur-layon
49023,Beaupréau-en-Mauges - 49110,beaupreau
49026,Bécon-les-Granits - 49370,becon-les-granits
50002,Agneaux - 50180,agneaux
50003,Agon-Coutainville - 50230,agon-coutainville
50004,Airel - 50680,airel
50006,Amigny - 50620,amigny
50007,Ancteville - 50200,ancteville
50008,Anctoville-sur-Boscq - 50400,anctoville-sur-boscq
50013,Anneville-en-Saire - 50760,anneville-en-saire
50014,Anneville-sur-Mer - 50560,anneville-sur-mer
50015,Annoville - 50660,annoville
50016,Appeville - 50500,appeville
50019,Aucey-la-Plaine - 50170,aucey-la-plaine
50021,Audouville-la-Hubert - 50480,audouville-la-hubert
50022,Aumeville-Lestre - 50630,aumeville-lestre
50023,Auvers - 50500,auvers-2
50024,Auxais - 50500,auxais
50025,Avranches - 50300,avranches
50026,Azeville - 50310,azeville
50027,Bacilly - 50530,bacilly
50028,La Baleine - 50450,la-baleine
50029,Barenton - 50720,barenton
51001,Ablancourt - 51240,ablancourt
51002,Saint-Martin-d'Ablois - 51530,saint-martin-dablois
51003,Aigny - 51150,aigny
51004,Allemanche-Launay-et-Soyer - 51260,allemanche-launay-et-soyer
51005,Allemant - 51120,allemant-2
51006,Alliancelles - 51250,alliancelles
51007,Ambonnay - 51150,ambonnay
51008,Ambrières - 51290,ambrieres
51009,Anglure - 51260,anglure
51010,Angluzelles-et-Courcelles - 51230,angluzelles-et-courcelles
51012,Anthenay - 51700,anthenay
51013,Aougny - 51170,aougny
51014,Arcis-le-Ponsart - 51170,arcis-le-ponsart
51015,Argers - 51800,argers
51016,Arrigny - 51290,arrigny
51017,Arzillières-Neuville - 51290,arzillieres-neuville
51018,Athis - 51150,athis
51019,Aubérive - 51600,auberive
51020,Aubilly - 51170,aubilly
51022,Aulnay-l'Aître - 51240,aulnay-l-aitre
51478,Saint-Eulien - 52100,saint-eulien
51522,Sapignicourt - 52100,sapignicourt
52001,Ageville - 52340,ageville
52002,Aigremont - 52400,aigremont-2
52003,Aillianville - 52700,aillianville
52004,Aingoulaincourt - 52230,aingoulaincourt
52005,Aizanville - 52120,aizanville
52006,Allichamps - 52130,allichamps
52007,Ambonville - 52110,ambonville
52008,Andelot-Blancheville - 52700,andelot-blancheville
52009,Andilly-en-Bassigny - 52360,andilly-en-bassigny
52011,Annéville-la-Prairie - 52310,anneville-la-prairie
52012,Annonville - 52230,annonville
52013,Anrosey - 52500,anrosey
52014,Aprey - 52250,aprey
52015,Arbigny-sous-Varennes - 52500,arbigny-sous-varennes
52016,Arbot - 52160,arbot
52017,Arc-en-Barrois - 52210,arc-en-barrois
52019,Arnancourt - 52110,arnancourt
52021,Attancourt - 52130,attancourt
53001,Ahuillé - 53940,ahuille
53002,Alexain - 53240,alexain
53003,Ambrières-les-Vallées - 53300,ambrieres-les-vallees
53005,Andouillé - 53240,andouille
53006,Argenton-Notre-Dame - 53290,argenton-notre-dame
53007,Argentré - 53210,argentre
53008,Aron - 53440,aron
53009,Arquenay - 53170,arquenay
53010,Assé-le-Bérenger - 53600,asse-le-berenger
53011,Astillé - 53230,astille
53012,Athée - 53400,athee-2
53013,Averton - 53700,averton
53014,Azé - 53200,aze-2
53015,La Baconnière - 53240,la-baconniere
53016,Bais - 53160,bais-2
53017,Val-du-Maine - 53340,ballee
53018,Ballots - 53350,ballots
53019,Bannes - 53340,bannes-4
53021,La Bazoge-Montpinçon - 53440,la-bazoge-montpincon
53022,La Bazouge-de-Chemeré - 53170,la-bazouge-de-chemere
54001,Abaucourt - 54610,abaucourt
54002,Abbéville-lès-Conflans - 54800,abbeville-les-conflans
54003,Aboncourt - 54115,aboncourt
54004,Affléville - 54800,affleville
54005,Affracourt - 54740,affracourt
54006,Agincourt - 54770,agincourt
54007,Aingeray - 54460,aingeray
54008,Allain - 54170,allain
54009,Allamont - 54800,allamont
54010,Allamps - 54112,allamps
54011,Allondrelle-la-Malmaison - 54260,allondrelle-la-malmaison
54012,Amance - 54770,amance-2
54013,Amenoncourt - 54450,amenoncourt
54014,Ancerviller - 54450,ancerviller
54015,Anderny - 54560,anderny
54016,Andilly - 54200,andilly-2
54017,Angomont - 54540,angomont
54018,Anoux - 54150,anoux
54019,Ansauville - 54470,ansauville
54020,Anthelupt - 54110,anthelupt
55001,Abainville - 55130,abainville
55002,Abaucourt-Hautecourt - 55400,abaucourt-hautecourt
55004,Aincreville - 55110,aincreville
55005,Amanty - 55130,amanty
55007,Ambly-sur-Meuse - 55300,ambly-sur-meuse
55008,Amel-sur-l'Étang - 55230,amel-sur-l-etang
55009,Ancemont - 55320,ancemont
55010,Ancerville - 55170,ancerville
55011,Andernay - 55800,andernay
55012,Apremont-la-Forêt - 55300,apremont-la-foret
55013,Arrancy-sur-Crusne - 55230,arrancy-sur-crusne
55014,Aubréville - 55120,aubreville
55015,Aulnois-en-Perthois - 55170,aulnois-en-perthois
55017,Autrécourt-sur-Aire - 55120,autrecourt-sur-aire
55018,Autréville-Saint-Lambert - 55700,autreville-saint-lambert
55021,Avillers-Sainte-Croix - 55210,avillers-sainte-croix
55022,Avioth - 55600,avioth
55023,Avocourt - 55270,avocourt
55024,Azannes-et-Soumazannes - 55150,azannes-et-soumazannes
55025,Baâlon - 55700,baalon
56001,Allaire - 56350,allaire
56002,Ambon - 56190,ambon
56003,Arradon - 56610,arradon
56004,Arzal - 56190,arzal
56005,Arzon - 56640,arzon
56006,Augan - 56800,augan
56007,Auray - 56400,auray
56008,Baden - 56870,baden
56009,Bangor - 56360,bangor
56010,Baud - 56150,baud
56011,Béganne - 56350,beganne
56012,Beignon - 56380,beignon
56013,Belz - 56550,belz
56014,Berné - 56240,berne
56015,Berric - 56230,berric
56016,Bieuzy - 56310,bieuzy
56017,Bignan - 56500,bignan
56018,Billiers - 56190,billiers
56019,Billio - 56420,billio
56020,Bohal - 56140,bohal
57001,Aboncourt - 57920,aboncourt-2
57002,Aboncourt-sur-Seille - 57590,aboncourt-sur-seille
57003,Abreschviller - 57560,abreschviller
57004,Achain - 57340,achain
57006,Achen - 57412,achen
57007,Adaincourt - 57580,adaincourt
57008,Adelange - 57380,adelange
57009,Ajoncourt - 57590,ajoncourt
57010,Alaincourt-la-Côte - 57590,alaincourt-la-cote
57011,Albestroff - 57670,albestroff
57012,Algrange - 57440,algrange
57013,Alsting - 57515,alsting
57014,Altrippe - 57660,altrippe
57015,Altviller - 57730,altviller
57016,Alzing - 57320,alzing
57017,Amanvillers - 57865,amanvillers
57018,Amelécourt - 57170,amelecourt
57019,Amnéville - 57360,amneville
57020,Ancerville - 57580,ancerville-2
57021,Ancy-Dornot - 57130,ancy-sur-moselle
58001,Achun - 58110,achun
58002,Alligny-Cosne - 58200,alligny-cosne
58003,Alligny-en-Morvan - 58230,alligny-en-morvan
58004,Alluy - 58110,alluy
58005,Amazy - 58190,amazy
58006,Anlezy - 58270,anlezy
58007,Annay - 58450,annay
58008,Anthien - 58800,anthien
58009,Arbourse - 58350,arbourse
58010,Arleuf - 58430,arleuf
58011,Armes - 58500,armes
58012,Arquian - 58310,arquian
58013,Arthel - 58700,arthel
58014,Arzembouy - 58700,arzembouy
58015,Asnan - 58420,asnan
58016,Asnois - 58190,asnois
58017,Aunay-en-Bazois - 58110,aunay-en-bazois
58018,Authiou - 58700,authiou
58019,Avrée - 58170,avree
58020,Avril-sur-Loire - 58300,avril-sur-loire
59001,Abancourt - 59268,abancourt
59002,Abscon - 59215,abscon
59003,Aibes - 59149,aibes
59004,Aix-en-Pévèle - 59310,aix-2
59005,Allennes-les-Marais - 59251,allennes-les-marais
59006,Amfroipret - 59144,amfroipret
59007,Anhiers - 59194,anhiers
59008,Aniche - 59580,aniche
59009,Villeneuve-d'Ascq - 59491,villeneuve-d-ascq
59010,Anneux - 59400,anneux
59011,Annœullin - 59112,annoeullin
59012,Anor - 59186,anor
59013,Anstaing - 59152,anstaing
59014,Anzin - 59410,anzin
59015,Arleux - 59151,arleux
59016,Armbouts-Cappel - 59380,armbouts-cappel
59017,Armentières - 59280,armentieres
59018,Arnèke - 59285,arneke
60001,Abancourt - 60220,abancourt-2
60002,Abbecourt - 60430,abbecourt-2
60003,Abbeville-Saint-Lucien - 60480,abbeville-saint-lucien
60004,Achy - 60690,achy
60005,Acy-en-Multien - 60620,acy-en-multien
60006,Les Ageux - 60700,les-ageux
60007,Agnetz - 60600,agnetz
60008,Airion - 60600,airion
60009,Allonne - 60000,allonne
60010,Amblainville - 60110,amblainville
60011,Amy - 60310,amy
60012,Andeville - 60570,andeville
60013,Angicourt - 60940,angicourt
60014,Angivillers - 60130,angivillers
60015,Angy - 60250,angy
60016,Ansacq - 60250,ansacq
60017,Ansauvillers - 60120,ansauvillers
60019,Antheuil-Portes - 60162,antheuil-portes
60020,Antilly - 60620,antilly-2
60021,Appilly - 60400,appilly
61001,Alençon - 61000,alencon
61002,Almenêches - 61570,almeneches
61005,Appenai-sous-Bellême - 61130,appenai-sous-belleme
61006,Argentan - 61200,argentan
61007,Athis-Val de Rouvre - 61100,athis-de-l-orne
61008,Aube - 61270,aube-2
61010,Aubry-le-Panthou - 61120,aubry-le-panthou
61011,Aubusson - 61100,aubusson-2
61012,Auguaise - 61270,auguaise
61013,Aunay-les-Bois - 61500,aunay-les-bois
61014,Aunou-le-Faucon - 61200,aunou-le-faucon
61015,Aunou-sur-Orne - 61500,aunou-sur-orne
61017,Les Authieux-du-Puits - 61240,les-authieux-du-puits
61018,Avernes-Saint-Gourgon - 61470,avernes-saint-gourgon
61020,Avoine - 61150,avoine-2
61021,Avrilly - 61700,avrilly-3
61023,Bailleul - 61160,bailleul-2
61024,Banvou - 61450,banvou
61026,Barville - 61170,barville-2
62001,Ablain-Saint-Nazaire - 62153,ablain-saint-nazaire
62002,Ablainzevelle - 62116,ablainzevelle
62003,Acheville - 62320,acheville
62004,Achicourt - 62217,achicourt
62005,Achiet-le-Grand - 62121,achiet-le-grand
62006,Achiet-le-Petit - 62121,achiet-le-petit
62007,Acq - 62144,acq
62008,Acquin-Westbécourt - 62380,acquin-westbecourt
62009,Adinfer - 62116,adinfer
62010,Affringues - 62380,affringues
62011,Agnez-lès-Duisans - 62161,agnez-les-duisans
62012,Agnières - 62690,agnieres
62013,Agny - 62217,agny
62014,Aire-sur-la-Lys - 62120,aire-sur-la-lys
62015,Airon-Notre-Dame - 62180,airon-notre-dame
62016,Airon-Saint-Vaast - 62180,airon-saint-vaast
62017,Aix-en-Ergny - 62650,aix-en-ergny
62018,Aix-en-Issart - 62170,aix-en-issart
62019,Aix-Noulette - 62160,aix-noulette
62020,Alembon - 62850,alembon
63001,Aigueperse - 63260,aigueperse
63002,Aix-la-Fayette - 63980,aix-la-fayette
63003,Ambert - 63600,ambert
63004,Les Ancizes-Comps - 63770,les-ancizes-comps
63005,Antoingt - 63340,antoingt
63006,Anzat-le-Luguet - 63420,anzat-le-luguet
63007,Apchat - 63420,apchat
63008,Arconsat - 63250,arconsat
63009,Ardes - 63420,ardes
63010,Arlanc - 63220,arlanc
63011,Ars-les-Favets - 63700,ars-les-favets
63012,Artonne - 63460,artonne
63013,Aubiat - 63260,aubiat
63014,Aubière - 63170,aubiere
63015,Aubusson-d'Auvergne - 63120,aubusson-d-auvergne
63016,Augerolles - 63930,augerolles
63017,Augnat - 63340,augnat
63019,Aulnat - 63510,aulnat
63020,Aurières - 63210,aurieres
63021,Authezat - 63114,authezat
64001,Aast - 64460,aast
64002,Abère - 64160,abere
64003,Abidos - 64150,abidos
64004,Abitain - 64390,abitain
64005,Abos - 64360,abos
64006,Accous - 64490,accous
64007,Agnos - 64400,agnos
64008,Ahaxe-Alciette-Bascassan - 64220,ahaxe-alciette-bascassan
64009,Ahetze - 64210,ahetze
64010,Aïcirits-Camou-Suhast - 64120,aicirits-camou-suhast
64011,Aincille - 64220,aincille
64012,Ainharp - 64130,ainharp
64013,Ainhice-Mongelos - 64220,ainhice-mongelos
64014,Ainhoa - 64250,ainhoa
64015,Alçay-Alçabéhéty-Sunharette - 64470,alcay-alcabehety-sunharette
64016,Aldudes - 64430,aldudes
64017,Alos-Sibas-Abense - 64470,alos-sibas-abense
64018,Amendeuix-Oneix - 64120,amendeuix-oneix
64019,Amorots-Succos - 64120,amorots-succos
64021,Andoins - 64420,andoins
65001,Adast - 65260,adast
65002,Adé - 65100,ade
65003,Adervielle-Pouchergues - 65240,adervielle-pouchergues
65004,Agos-Vidalos - 65400,agos-vidalos
65005,Allier - 65360,allier
65006,Ancizan - 65440,ancizan
65007,Andrest - 65390,andrest
65009,Anères - 65150,aneres
65010,Angos - 65690,angos
65011,Les Angles - 65100,les-angles-2
65012,Anla - 65370,anla
65013,Ansost - 65140,ansost
65014,Antichan - 65370,antichan
65015,Antin - 65220,antin
65016,Antist - 65200,antist
65017,Aragnouet - 65170,aragnouet
65018,Arbéost - 65560,arbeost
65019,Arcizac-Adour - 65360,arcizac-adour
65020,Arcizac-ez-Angles - 65100,arcizac-ez-angles
65021,Arcizans-Avant - 65400,arcizans-avant
66001,L'Albère - 66480,l-albere
66002,Alénya - 66200,alenya
66003,Amélie-les-Bains-Palalda - 66110,amelie-les-bains-palalda
66004,Les Angles - 66210,les-angles-3
66005,Angoustrine-Villeneuve-des-Escaldes - 66760,angoustrine-villeneuve-des-escaldes
66006,Ansignan - 66220,ansignan
66007,Arboussols - 66320,arboussols
66008,Argelès-sur-Mer - 66700,argeles-sur-mer
66009,Arles-sur-Tech - 66150,arles-sur-tech
66010,Ayguatébia-Talau - 66360,ayguatebia-talau
66011,Bages - 66670,bages-2
66012,Baho - 66540,baho
66013,Baillestavy - 66320,baillestavy
66014,Baixas - 66390,baixas
66015,Banyuls-dels-Aspres - 66300,banyuls-dels-aspres
66016,Banyuls-sur-Mer - 66650,banyuls-sur-mer
66017,Le Barcarès - 66420,le-barcares
66018,La Bastide - 66110,la-bastide
66019,Bélesta - 66720,belesta-2
66020,Bolquère - 66210,bolquere
67001,Achenheim - 67204,achenheim
67002,Adamswiller - 67320,adamswiller
67003,Albé - 67220,albe
67004,Sommerau - 67310,allenwiller
67005,Alteckendorf - 67270,alteckendorf
67006,Altenheim - 67490,altenheim
67008,Altorf - 67120,altorf
67009,Altwiller - 67260,altwiller
67010,Andlau - 67140,andlau
67011,Artolsheim - 67390,artolsheim
67012,Aschbach - 67250,aschbach
67013,Asswiller - 67320,asswiller
67014,Auenheim - 67480,auenheim
67016,Avolsheim - 67120,avolsheim
67017,Baerendorf - 67320,baerendorf
67018,Balbronn - 67310,balbronn
67019,Baldenheim - 67600,baldenheim
67020,Barembach - 67130,barembach
67021,Barr - 67140,barr
68001,Algolsheim - 68600,algolsheim
68002,Altenach - 68210,altenach
68004,Altkirch - 68130,altkirch
68005,Ammerschwihr - 68410,ammerschwihr
68006,Bernwiller - 68210,ammerzwiller
68007,Andolsheim - 68280,andolsheim
68008,Appenwihr - 68280,appenwihr
68009,Artzenheim - 68320,artzenheim
68010,Aspach - 68130,aspach-2
68011,Aspach-le-Bas - 68700,aspach-le-bas
68012,Aspach-Michelbach - 68700,aspach-le-haut
68013,Attenschwiller - 68220,attenschwiller
68014,Aubure - 68150,aubure
68015,Baldersheim - 68390,baldersheim
68016,Balgau - 68740,balgau
68017,Ballersdorf - 68210,ballersdorf
68018,Balschwiller - 68210,balschwiller
68019,Baltzenheim - 68320,baltzenheim
68020,Bantzenheim - 68490,bantzenheim
69001,Affoux - 69170,affoux
69002,Aigueperse - 69790,aigueperse-2
69003,Albigny-sur-Saône - 69250,albigny-sur-saone
69004,Alix - 69380,alix
69005,Ambérieux - 69480,amberieux
69006,Amplepuis - 69550,amplepuis
69007,Ampuis - 69420,ampuis
69008,Ancy - 69490,ancy
69009,Anse - 69480,anse
69010,L'Arbresle - 69210,l-arbresle
69012,Les Ardillats - 69430,les-ardillats
69013,Arnas - 69400,arnas
69014,Aveize - 69610,aveize
69015,Avenas - 69430,avenas
69016,Azolette - 69790,azolette
69017,Bagnols - 69620,bagnols-2
69018,Beaujeu - 69430,beaujeu-2
69019,Belleville - 69220,belleville-2
69020,Belmont-d'Azergues - 69380,belmont-dazergues
69021,Bessenay - 69690,bessenay
70001,Abelcourt - 70300,abelcourt
70002,Aboncourt-Gesincourt - 70500,aboncourt-gesincourt
70003,Achey - 70180,achey
70004,Adelans-et-le-Val-de-Bithaine - 70200,adelans-et-le-val-de-bithaine
70005,Aillevans - 70110,aillevans
70006,Aillevillers-et-Lyaumont - 70320,aillevillers-et-lyaumont
70007,Ailloncourt - 70300,ailloncourt
70008,Ainvelle - 70800,ainvelle
70009,Aisey-et-Richecourt - 70500,aisey-et-richecourt
70010,Alaincourt - 70210,alaincourt-2
70011,Amage - 70280,amage
70012,Amance - 70160,amance-3
70013,Ambiévillers - 70210,ambievillers
70014,Amblans-et-Velotte - 70200,amblans-et-velotte
70015,Amoncourt - 70170,amoncourt
70016,Amont-et-Effreney - 70310,amont-et-effreney
70017,Anchenoncourt-et-Chazel - 70210,anchenoncourt-et-chazel
70018,Ancier - 70100,ancier
70019,Andelarre - 70000,andelarre
70020,Andelarrot - 70000,andelarrot
71001,L'Abergement-de-Cuisery - 71290,l-abergement-de-cuisery
71002,L'Abergement-Sainte-Colombe - 71370,l-abergement-sainte-colombe
71003,Allerey-sur-Saône - 71350,allerey-sur-saone
71004,Allériot - 71380,alleriot
71005,Aluze - 71510,aluze
71006,Amanzé - 71800,amanze
71007,Ameugny - 71460,ameugny
71008,Anglure-sous-Dun - 71170,anglure-sous-dun
71009,Anost - 71550,anost
71010,Antully - 71400,antully
71011,Anzy-le-Duc - 71110,anzy-le-duc
71012,Artaix - 71110,artaix
71013,Authumes - 71270,authumes
71014,Autun - 71400,autun
71015,Auxy - 71400,auxy-2
71016,Azé - 71260,aze-3
71017,Ballore - 71220,ballore
71018,Bantanges - 71500,bantanges
71019,Barizey - 71640,barizey
71020,Barnay - 71540,barnay
72001,Aigné - 72650,aigne-2
72002,Aillières-Beauvoir - 72600,aillieres-beauvoir
72003,Allonnes - 72700,allonnes-3
72004,Amné - 72540,amne
72005,Ancinnes - 72610,ancinnes
72006,Arçonnay - 72610,arconnay
72007,Ardenay-sur-Mérize - 72370,ardenay-sur-merize
72008,Arnage - 72230,arnage
72009,Arthezé - 72270,artheze
72010,Asnières-sur-Vègre - 72430,asnieres-sur-vegre
72011,Assé-le-Boisne - 72130,asse-le-boisne
72012,Assé-le-Riboul - 72170,asse-le-riboul
72013,Aubigné-Racan - 72800,aubigne-racan
72015,Les Aulneaux - 72600,les-aulneaux
72016,Auvers-le-Hamon - 72300,auvers-le-hamon
72017,Auvers-sous-Montfaucon - 72540,auvers-sous-montfaucon
72018,Avesnes-en-Saosnois - 72260,avesnes-en-saosnois
72019,Avessé - 72350,avesse
72020,Avezé - 72400,aveze-3
72021,Avoise - 72430,avoise
73001,Aiguebelette-le-Lac - 73610,aiguebelette-le-lac
73002,Aiguebelle - 73220,aiguebelle
73003,Aigueblanche - 73260,aigueblanche
73004,Aillon-le-Jeune - 73340,aillon-le-jeune
73005,Aillon-le-Vieux - 73340,aillon-le-vieux
73006,Aime-la-Plagne - 73210,aime
73007,Aiton - 73220,aiton
73008,Aix-les-Bains - 73100,aix-les-bains
73010,Entrelacs - 73410,albens
73011,Albertville - 73200,albertville
73012,Albiez-le-Jeune - 73300,albiez-le-jeune
73013,Albiez-Montrond - 73300,albiez-montrond
73014,Allondaz - 73200,allondaz
73015,Les Allues - 73550,les-allues
73017,Apremont - 73190,apremont-5
73018,Arbin - 73800,arbin
73019,Argentine - 73220,argentine
73020,Arith - 73340,arith
73021,Arvillard - 73110,arvillard
73022,Attignat-Oncin - 73610,attignat-oncin
74001,Abondance - 74360,abondance
74002,Alby-sur-Chéran - 74540,alby-sur-cheran
74003,Alex - 74290,alex
74004,Allèves - 74540,alleves
74005,Allinges - 74200,allinges
74006,Allonzier-la-Caille - 74350,allonzier-la-caille
74007,Amancy - 74800,amancy
74008,Ambilly - 74100,ambilly
74009,Andilly - 74350,andilly-3
74010,Annecy - 74000,annecy
74012,Annemasse - 74100,annemasse
74013,Anthy-sur-Léman - 74200,anthy-sur-leman
74014,Arâches-la-Frasse - 74300,araches-la-frasse
74015,Arbusigny - 74930,arbusigny
74016,Archamps - 74160,archamps
74018,Arenthon - 74800,arenthon
74019,Argonay - 74370,argonay
74020,Armoy - 74200,armoy
74021,Arthaz-Pont-Notre-Dame - 74380,arthaz-pont-notre-dame
74024,Ayse - 74130,ayse
75056,Paris - 75000,paris
75101,Paris 1er Arrondissement - 75001,paris-1
75102,Paris 2e Arrondissement - 75002,paris-2
75103,Paris 3e Arrondissement - 75003,paris-3
75104,Paris 4e Arrondissement - 75004,paris-4
75105,Paris 5e Arrondissement - 75005,paris-5
75106,Paris 6e Arrondissement - 75006,paris-6
75107,Paris 7e Arrondissement - 75007,paris-7
75108,Paris 8e Arrondissement - 75008,paris-8
75109,Paris 9e Arrondissement - 75009,paris-9
75110,Paris 10e Arrondissement - 75010,paris-10
75111,Paris 11e Arrondissement - 75011,paris-11
75112,Paris 12e Arrondissement - 75012,paris-12
75113,Paris 13e Arrondissement - 75013,paris-13
75114,Paris 14e Arrondissement - 75014,paris-14
75115,Paris 15e Arrondissement - 75015,paris-15
75116,Paris 16e Arrondissement - 75016,paris-16
75117,Paris 17e Arrondissement - 75017,paris-17
75118,Paris 18e Arrondissement - 75018,paris-18
76001,Allouville-Bellefosse - 76190,allouville-bellefosse
76002,Alvimare - 76640,alvimare
76004,Ambrumesnil - 76550,ambrumesnil
76005,Amfreville-la-Mi-Voie - 76920,amfreville-la-mi-voie
76006,Amfreville-les-Champs - 76560,amfreville-les-champs-2
76007,Anceaumeville - 76710,anceaumeville
76008,Ancourt - 76370,ancourt
76009,Ancourteville-sur-Héricourt - 76560,ancourteville-sur-hericourt
76010,Ancretiéville-Saint-Victor - 76760,ancretieville-saint-victor
76011,Ancretteville-sur-Mer - 76540,ancretteville-sur-mer
76012,Angerville-Bailleul - 76110,angerville-bailleul
76013,Angerville-la-Martel - 76540,angerville-la-martel
76014,Angerville-l'Orcher - 76280,angerville-l-orcher
76015,Angiens - 76740,angiens
76016,Anglesqueville-la-Bras-Long - 76740,anglesqueville-la-bras-long
76017,Anglesqueville-l'Esneval - 76280,anglesqueville-l-esneval
76018,Val-de-Saâne - 76890,val-de-saane
76019,Anneville-sur-Scie - 76590,anneville-sur-scie
76020,Anneville-Ambourville - 76480,anneville-ambourville
76021,Annouville-Vilmesnil - 76110,annouville-vilmesnil
77001,Achères-la-Forêt - 77760,acheres-la-foret
77002,Amillis - 77120,amillis
77003,Amponville - 77760,amponville
77004,Andrezel - 77390,andrezel
77005,Annet-sur-Marne - 77410,annet-sur-marne
77006,Arbonne-la-Forêt - 77630,arbonne-la-foret
77007,Argentières - 77390,argentieres
77008,Armentières-en-Brie - 77440,armentieres-en-brie
77009,Arville - 77890,arville-2
77010,Aubepierre-Ozouer-le-Repos - 77720,aubepierre-ozouer-le-repos
77011,Aufferville - 77570,aufferville
77012,Augers-en-Brie - 77560,augers-en-brie
77013,Aulnoy - 77120,aulnoy
77014,Avon - 77210,avon
77015,Baby - 77480,baby
77016,Bagneaux-sur-Loing - 77167,bagneaux-sur-loing
77018,Bailly-Romainvilliers - 77700,bailly-romainvilliers
77019,Balloy - 77118,balloy
77020,Bannost-Villegagnon - 77970,bannost-villegagnon
77021,Barbey - 77130,barbey
78003,Ablis - 78660,ablis
78005,Achères - 78260,acheres-2
78006,Adainville - 78113,adainville
78007,Aigremont - 78240,aigremont-3
78009,Allainville - 78660,allainville-2
78010,Les Alluets-le-Roi - 78580,les-alluets-le-roi
78013,Andelu - 78770,andelu
78015,Andrésy - 78570,andresy
78020,Arnouville-lès-Mantes - 78790,arnouville-les-mantes
78029,Aubergenville - 78410,aubergenville
78030,Auffargis - 78610,auffargis
78031,Auffreville-Brasseuil - 78930,auffreville-brasseuil
78033,Aulnay-sur-Mauldre - 78126,aulnay-sur-mauldre
78034,Auteuil - 78770,auteuil-2
78036,Autouillet - 78770,autouillet
78043,Bailly - 78870,bailly-2
78048,Bazainville - 78550,bazainville
78049,Bazemont - 78580,bazemont
78050,Bazoches-sur-Guyonne - 78490,bazoches-sur-guyonne
78053,Béhoust - 78910,behoust
79001,L'Absie - 79240,l-absie
79002,Adilly - 79200,adilly
79003,Aiffres - 79230,aiffres
79004,Aigonnay - 79370,aigonnay
79005,Airvault - 79600,airvault
79007,Allonne - 79130,allonne-2
79008,Amailloux - 79350,amailloux
79009,Amuré - 79210,amure
79010,Arçais - 79210,arcais
79011,Ardilleux - 79110,ardilleux
79012,Ardin - 79160,ardin
79013,Argentonnay - 79150,argenton-les-vallees
79014,Argenton-l'Église - 79290,argenton-l-eglise
79015,Asnières-en-Poitou - 79170,asnieres-en-poitou
79016,Assais-les-Jumeaux - 79600,assais-les-jumeaux
79018,Aubigné - 79110,aubigne-2
79019,Aubigny - 79390,aubigny-3
79020,Augé - 79400,auge-3
79022,Availles-Thouarsais - 79600,availles-thouarsais
80001,Abbeville - 80100,abbeville
80002,Ablaincourt-Pressoir - 80320,ablaincourt-pressoir
80003,Acheux-en-Amiénois - 80560,acheux-en-amienois
80004,Acheux-en-Vimeu - 80210,acheux-en-vimeu
80005,Agenville - 80370,agenville
80006,Agenvillers - 80150,agenvillers
80008,Aigneville - 80210,aigneville
80009,Ailly-le-Haut-Clocher - 80690,ailly-le-haut-clocher
80010,Ailly-sur-Noye - 80250,ailly-sur-noye
80011,Ailly-sur-Somme - 80470,ailly-sur-somme
80013,Airaines - 80270,airaines
80014,Aizecourt-le-Bas - 80240,aizecourt-le-bas
80015,Aizecourt-le-Haut - 80200,aizecourt-le-haut
80016,Albert - 80300,albert
80017,Allaines - 80200,allaines
80018,Allenay - 80130,allenay
80019,Allery - 80270,allery
80020,Allonville - 80260,allonville
80021,Amiens - 80000,amiens
81001,Aguts - 81470,aguts
81002,Aiguefonde - 81200,aiguefonde
81003,Alban - 81250,alban
81004,Albi - 81000,albi
81005,Albine - 81240,albine
81006,Algans - 81470,algans
81007,Alos - 81140,alos-2
81008,Almayrac - 81190,almayrac
81009,Amarens - 81170,amarens
81010,Ambialet - 81430,ambialet
81011,Ambres - 81500,ambres
81012,Andillac - 81140,andillac
81013,Andouque - 81350,andouque
81014,Anglès - 81260,angles-2
81015,Appelle - 81700,appelle
81016,Arfons - 81110,arfons
81017,Arifat - 81360,arifat
81018,Arthès - 81160,arthes
81019,Assac - 81340,assac
81020,Aussac - 81600,aussac
82001,Albefeuille-Lagarde - 82290,albefeuille-lagarde
82002,Albias - 82350,albias
82003,Angeville - 82210,angeville
82004,Asques - 82120,asques-2
82005,Aucamville - 82600,aucamville-2
82006,Auterive - 82500,auterive-3
82007,Auty - 82220,auty
82008,Auvillar - 82340,auvillar
82009,Balignac - 82120,balignac
82010,Bardigues - 82340,bardigues
82011,Barry-d'Islemade - 82290,barry-d-islemade
82012,Les Barthes - 82100,les-barthes
82013,Beaumont-de-Lomagne - 82500,beaumont-de-lomagne
82014,Beaupuy - 82600,beaupuy-4
82015,Belbèze-en-Lomagne - 82500,belbese
82016,Belvèze - 82150,belveze
82017,Bessens - 82170,bessens
82018,Bioule - 82800,bioule
82019,Boudou - 82200,boudou
82020,Bouillac - 82600,bouillac-3
83001,Les Adrets-de-l'Estérel - 83600,les-adrets-de-l-esterel
83002,Aiguines - 83630,aiguines
83003,Ampus - 83111,ampus
83004,Les Arcs - 83460,les-arcs
83005,Artignosc-sur-Verdon - 83630,artignosc-sur-verdon
83006,Artigues - 83560,artigues-4
83007,Aups - 83630,aups
83008,Bagnols-en-Forêt - 83600,bagnols-en-foret
83009,Bandol - 83150,bandol
83010,Bargème - 83840,bargeme
83011,Bargemon - 83830,bargemon
83012,Barjols - 83670,barjols
83013,La Bastide - 83840,la-bastide-2
83014,Baudinard-sur-Verdon - 83630,baudinard-sur-verdon
83015,Bauduen - 83630,bauduen
83016,Le Beausset - 83330,le-beausset
83017,Belgentier - 83210,belgentier
83018,Besse-sur-Issole - 83890,besse-sur-issole
83019,Bormes-les-Mimosas - 83230,bormes-les-mimosas
83020,Le Bourguet - 83840,le-bourguet
84001,Althen-des-Paluds - 84210,althen-des-paluds
84002,Ansouis - 84240,ansouis
84003,Apt - 84400,apt
84004,Aubignan - 84810,aubignan
84005,Aurel - 84390,aurel-2
84006,Auribeau - 84400,auribeau
84007,Avignon - 84000,avignon
84008,Le Barroux - 84330,le-barroux
84009,La Bastide-des-Jourdans - 84240,la-bastide-des-jourdans
84010,La Bastidonne - 84120,la-bastidonne
84011,Le Beaucet - 84210,le-beaucet
84012,Beaumes-de-Venise - 84190,beaumes-de-venise
84013,Beaumettes - 84220,beaumettes
84014,Beaumont-de-Pertuis - 84120,beaumont-de-pertuis
84015,Beaumont-du-Ventoux - 84340,beaumont-du-ventoux
84016,Bédarrides - 84370,bedarrides
84017,Bédoin - 84410,bedoin
84018,Blauvac - 84570,blauvac
84019,Bollène - 84500,bollene
85001,L'Aiguillon-sur-Mer - 85460,l-aiguillon-sur-mer
85002,L'Aiguillon-sur-Vie - 85220,l-aiguillon-sur-vie
85003,Aizenay - 85190,aizenay
85004,Angles - 85750,angles-3
85005,Antigny - 85120,antigny
85006,Apremont - 85220,apremont-6
85008,Aubigny-Les Clouzeaux - 85430,aubigny-5
85009,Auchay-sur-Vendée - 85200,auzay
85010,Avrillé - 85440,avrille-2
85011,Barbâtre - 85630,barbatre
85012,La Barre-de-Monts - 85550,la-barre-de-monts
85013,Bazoges-en-Paillers - 85130,bazoges-en-paillers
85014,Bazoges-en-Pareds - 85390,bazoges-en-pareds
85015,Beaufou - 85170,beaufou
85016,Beaulieu-sous-la-Roche - 85190,beaulieu-sous-la-roche
85017,Beaurepaire - 85500,beaurepaire-4
85018,Beauvoir-sur-Mer - 85230,beauvoir-sur-mer
85019,Bellevigny - 85170,belleville-sur-vie
85020,Benet - 85490,benet
85021,La Bernardière - 85610,la-bernardiere
86001,Adriers - 86430,adriers
86002,Amberre - 86110,amberre
86003,Anché - 86700,anche-2
86004,Angles-sur-l'Anglin - 86260,angles-sur-l-anglin
86005,Angliers - 86330,angliers-2
86006,Antigny - 86310,antigny-2
86007,Antran - 86100,antran
86008,Arçay - 86200,arcay-2
86009,Archigny - 86210,archigny
86010,Aslonnes - 86340,aslonnes
86011,Asnières-sur-Blour - 86430,asnieres-sur-blour
86012,Asnois - 86250,asnois-2
86013,Aulnay - 86330,aulnay-3
86014,Availles-en-Châtellerault - 86530,availles-en-chatellerault
86015,Availles-Limouzine - 86460,availles-limouzine
86016,Avanton - 86170,avanton
86017,Ayron - 86190,ayron
86018,Basses - 86200,basses
86019,Beaumont Saint-Cyr - 86490,beaumont-8
86020,Bellefonds - 86210,bellefonds
87001,Aixe-sur-Vienne - 87700,aixe-sur-vienne
87002,Ambazac - 87240,ambazac
87003,Arnac-la-Poste - 87160,arnac-la-poste
87004,Augne - 87120,augne
87005,Aureil - 87220,aureil
87006,Azat-le-Ris - 87360,azat-le-ris
87007,Balledent - 87290,balledent
87008,La Bazeuge - 87210,la-bazeuge
87009,Beaumont-du-Lac - 87120,beaumont-du-lac
87011,Bellac - 87300,bellac
87012,Berneuil - 87300,berneuil-4
87013,Bersac-sur-Rivalier - 87370,bersac-sur-rivalier
87014,Bessines-sur-Gartempe - 87250,bessines-sur-gartempe
87015,Beynac - 87700,beynac
87016,Les Billanges - 87340,les-billanges
87017,Blanzac - 87300,blanzac-2
87018,Blond - 87300,blond
87019,Boisseuil - 87220,boisseuil
87020,Bonnac-la-Côte - 87270,bonnac-la-cote
87021,Bosmie-l'Aiguille - 87110,bosmie-l-aiguille
88001,Les Ableuvenettes - 88270,les-ableuvenettes
88002,Ahéville - 88500,aheville
88003,Aingeville - 88140,aingeville
88004,Ainvelle - 88320,ainvelle-2
88005,Allarmont - 88110,allarmont
88006,Ambacourt - 88500,ambacourt
88007,Ameuvelle - 88410,ameuvelle
88008,Anglemont - 88700,anglemont
88009,Anould - 88650,anould
88010,Aouze - 88170,aouze
88011,Arches - 88380,arches-2
88012,Archettes - 88380,archettes
88013,Aroffe - 88170,aroffe
88014,Arrentès-de-Corcieux - 88430,arrentes-de-corcieux
88015,Attignéville - 88300,attigneville
88016,Attigny - 88260,attigny-2
88017,Aulnois - 88300,aulnois
88019,Autigny-la-Tour - 88300,autigny-la-tour
88020,Autreville - 88300,autreville-2
88021,Autrey - 88700,autrey-2
89002,Aigremont - 89800,aigremont-4
89003,Montholon - 89110,aillant-sur-tholon
89004,Aisy-sur-Armançon - 89390,aisy-sur-armancon
89005,Ancy-le-Franc - 89160,ancy-le-franc
89006,Ancy-le-Libre - 89160,ancy-le-libre
89007,Andryes - 89480,andryes
89008,Angely - 89440,angely
89009,Annay-la-Côte - 89200,annay-la-cote
89010,Annay-sur-Serein - 89310,annay-sur-serein
89011,Annéot - 89200,anneot
89012,Annoux - 89440,annoux
89013,Appoigny - 89380,appoigny
89014,Arces-Dilo - 89320,arces-dilo
89015,Arcy-sur-Cure - 89270,arcy-sur-cure
89016,Argentenay - 89160,argentenay
89017,Argenteuil-sur-Armançon - 89160,argenteuil-sur-armancon
89018,Armeau - 89500,armeau
89019,Arthonnay - 89740,arthonnay
89020,Asnières-sous-Bois - 89660,asnieres-sous-bois
89021,Asquins - 89450,asquins
90001,Andelnans - 90400,andelnans
90002,Angeot - 90150,angeot
90003,Anjoutey - 90170,anjoutey
90004,Argiésans - 90800,argiesans
90005,Auxelles-Bas - 90200,auxelles-bas
90006,Auxelles-Haut - 90200,auxelles-haut
90007,Banvillars - 90800,banvillars
90008,Bavilliers - 90800,bavilliers
90009,Beaucourt - 90500,beaucourt
90010,Belfort - 90000,belfort
90011,Bermont - 90400,bermont
90012,Bessoncourt - 90160,bessoncourt
90013,Bethonvilliers - 90150,bethonvilliers-2
90014,Boron - 90100,boron
90015,Botans - 90400,botans
90016,Bourg-sous-Châtelet - 90110,bourg-sous-chatelet
90017,Bourogne - 90140,bourogne
90018,Brebotte - 90140,brebotte
90019,Bretagne - 90130,bretagne-2
90020,Buc - 90800,buc-2
91001,Abbéville-la-Rivière - 91150,abbeville-la-riviere
91016,Angerville - 91670,angerville-2
91017,Angervilliers - 91470,angervilliers
91021,Arpajon - 91290,arpajon
91022,Arrancourt - 91690,arrancourt
91027,Athis-Mons - 91200,athis-mons
91035,Authon-la-Plaine - 91410,authon-la-plaine
91037,Auvernaux - 91830,auvernaux
91038,Auvers-Saint-Georges - 91580,auvers-saint-georges
91041,Avrainville - 91630,avrainville-4
91044,Ballainvilliers - 91160,ballainvilliers
91045,Ballancourt-sur-Essonne - 91610,ballancourt-sur-essonne
91047,Baulne - 91590,baulne
91064,Bièvres - 91570,bievres-3
91067,Blandy - 91150,blandy-2
91069,Boigneville - 91720,boigneville
91075,Bois-Herpin - 91150,bois-herpin
91079,Boissy-la-Rivière - 91690,boissy-la-riviere
91080,Boissy-le-Cutté - 91590,boissy-le-cutte
91081,Boissy-le-Sec - 91870,boissy-le-sec
92002,Antony - 92160,antony
92004,Asnières-sur-Seine - 92600,asnieres-sur-seine
92007,Bagneux - 92220,bagneux-8
92009,Bois-Colombes - 92270,bois-colombes
92012,Boulogne-Billancourt - 92100,boulogne-billancourt
92014,Bourg-la-Reine - 92340,bourg-la-reine
92019,Châtenay-Malabry - 92290,chatenay-malabry
92020,Châtillon - 92320,chatillon-5
92022,Chaville - 92370,chaville
92023,Clamart - 92140,clamart
92024,Clichy - 92110,clichy
92025,Colombes - 92700,colombes
92026,Courbevoie - 92400,courbevoie
92032,Fontenay-aux-Roses - 92260,fontenay-aux-roses
92033,Garches - 92380,garches
92035,La Garenne-Colombes - 92250,la-garenne-colombes
92036,Gennevilliers - 92230,gennevilliers
92040,Issy-les-Moulineaux - 92130,issy-les-moulineaux
92044,Levallois-Perret - 92300,levallois-perret
92046,Malakoff - 92240,malakoff
93001,Aubervilliers - 93300,aubervilliers
93005,Aulnay-sous-Bois - 93600,aulnay-sous-bois
93006,Bagnolet - 93170,bagnolet
93007,Le Blanc-Mesnil - 93150,le-blanc-mesnil
93008,Bobigny - 93000,bobigny
93010,Bondy - 93140,bondy
93013,Le Bourget - 93350,le-bourget
93014,Clichy-sous-Bois - 93390,clichy-sous-bois
93015,Coubron - 93470,coubron
93027,La Courneuve - 93120,la-courneuve
93029,Drancy - 93700,drancy
93030,Dugny - 93440,dugny
93031,Épinay-sur-Seine - 93800,epinay-sur-seine
93032,Gagny - 93220,gagny
93033,Gournay-sur-Marne - 93460,gournay-sur-marne
93039,L'Île-Saint-Denis - 93450,l-ile-saint-denis
93045,Les Lilas - 93260,les-lilas
93046,Livry-Gargan - 93190,livry-gargan
93047,Montfermeil - 93370,montfermeil
93048,Montreuil - 93100,montreuil
91479,Paray-Vieille-Poste - 91550,paray-vieille-poste
94001,Ablon-sur-Seine - 94480,ablon-sur-seine
94002,Alfortville - 94140,alfortville
94003,Arcueil - 94110,arcueil
94004,Boissy-Saint-Léger - 94470,boissy-saint-leger
94011,Bonneuil-sur-Marne - 94380,bonneuil-sur-marne
94015,Bry-sur-Marne - 94360,bry-sur-marne
94016,Cachan - 94230,cachan
94017,Champigny-sur-Marne - 94500,champigny-sur-marne
94018,Charenton-le-Pont - 94220,charenton-le-pont
94019,Chennevières-sur-Marne - 94430,chennevieres-sur-marne
94021,Chevilly-Larue - 94550,chevilly-larue
94022,Choisy-le-Roi - 94600,choisy-le-roi
94028,Créteil - 94000,creteil
94033,Fontenay-sous-Bois - 94120,fontenay-sous-bois
94034,Fresnes - 94260,fresnes-5
94037,Gentilly - 94250,gentilly
94038,L'Haÿ-les-Roses - 94240,l-ha-les-roses
94041,Ivry-sur-Seine - 94200,ivry-sur-seine
94042,Joinville-le-Pont - 94340,joinville-le-pont
95002,Ableiges - 95450,ableiges
95008,Aincourt - 95510,aincourt
95011,Ambleville - 95420,ambleville-2
95012,Amenucourt - 95510,amenucourt
95014,Andilly - 95580,andilly-4
95018,Argenteuil - 95100,argenteuil
95019,Arnouville - 95400,arnouville-les-gonesse
95023,Arronville - 95810,arronville
95024,Arthies - 95420,arthies
95026,Asnières-sur-Oise - 95270,asnieres-sur-oise
95028,Attainville - 95570,attainville
95039,Auvers-sur-Oise - 95430,auvers-sur-oise
95040,Avernes - 95450,avernes
95042,Baillet-en-France - 95560,baillet-en-france
95046,Banthelu - 95420,banthelu
95051,Beauchamp - 95250,beauchamp
95052,Beaumont-sur-Oise - 95260,beaumont-sur-oise
95054,Le Bellay-en-Vexin - 95750,le-bellay-en-vexin
95055,Bellefontaine - 95270,bellefontaine-4
97101,Les Abymes - 97139,les-abymes
97102,Anse-Bertrand - 97121,anse-bertrand
97103,Baie-Mahault - 97122,baie-mahault
97104,Baillif - 97123,baillif
97105,Basse-Terre - 97100,basse-terre
97106,Bouillante - 97125,bouillante
97107,Capesterre-Belle-Eau - 97130,capesterre-belle-eau
97108,Capesterre-de-Marie-Galante - 97140,capesterre-de-marie-galante
97109,Gourbeyre - 97113,gourbeyre
97110,La Désirade - 97127,la-desirade
97111,Deshaies - 97126,deshaies
97112,Grand-Bourg - 97112,grand-bourg
97113,Le Gosier - 97190,le-gosier
97114,Goyave - 97128,goyave
97115,Lamentin - 97129,lamentin
97116,Morne-à-l'Eau - 97111,morne-a-l-eau
97117,Le Moule - 97160,le-moule
97118,Petit-Bourg - 97170,petit-bourg
97119,Petit-Canal - 97131,petit-canal
