url,page
https://www.promodentaire.com/usage-unique-et-hygiene.html?p=1,1
https://www.promodentaire.com/usage-unique-et-hygiene.html?p=2,2
https://www.promodentaire.com/usage-unique-et-hygiene.html?p=3,3
https://www.promodentaire.com/usage-unique-et-hygiene.html?p=4,4
https://www.promodentaire.com/usage-unique-et-hygiene.html?p=5,5
https://www.promodentaire.com/usage-unique-et-hygiene.html?p=6,6
https://www.promodentaire.com/usage-unique-et-hygiene.html?p=7,7
https://www.promodentaire.com/usage-unique-et-hygiene.html?p=8,8
https://www.promodentaire.com/usage-unique-et-hygiene.html?p=9,9
https://www.promodentaire.com/usage-unique-et-hygiene.html?p=10,10
https://www.promodentaire.com/usage-unique-et-hygiene.html?p=11,11
https://www.promodentaire.com/usage-unique-et-hygiene.html?p=12,12
https://www.promodentaire.com/usage-unique-et-hygiene.html?p=13,13
https://www.promodentaire.com/usage-unique-et-hygiene.html?p=14,14
https://www.promodentaire.com/usage-unique-et-hygiene.html?p=15,15
https://www.promodentaire.com/usage-unique-et-hygiene.html?p=16,16
https://www.promodentaire.com/usage-unique-et-hygiene.html?p=17,17
https://www.promodentaire.com/usage-unique-et-hygiene.html?p=18,18
https://www.promodentaire.com/usage-unique-et-hygiene.html?p=19,19
https://www.promodentaire.com/usage-unique-et-hygiene.html?p=20,20
https://www.promodentaire.com/usage-unique-et-hygiene.html?p=21,21
https://www.promodentaire.com/usage-unique-et-hygiene.html?p=22,22
https://www.promodentaire.com/usage-unique-et-hygiene.html?p=23,23
https://www.promodentaire.com/usage-unique-et-hygiene.html?p=24,24
https://www.promodentaire.com/usage-unique-et-hygiene.html?p=25,25
https://www.promodentaire.com/usage-unique-et-hygiene.html?p=26,26
https://www.promodentaire.com/usage-unique-et-hygiene.html?p=27,27
https://www.promodentaire.com/usage-unique-et-hygiene.html?p=28,28
https://www.promodentaire.com/usage-unique-et-hygiene.html?p=29,29
https://www.promodentaire.com/usage-unique-et-hygiene.html?p=30,30
https://www.promodentaire.com/usage-unique-et-hygiene.html?p=31,31
https://www.promodentaire.com/usage-unique-et-hygiene.html?p=32,32
https://www.promodentaire.com/usage-unique-et-hygiene.html?p=33,33
https://www.promodentaire.com/usage-unique-et-hygiene.html?p=34,34
https://www.promodentaire.com/usage-unique-et-hygiene.html?p=35,35
https://www.promodentaire.com/usage-unique-et-hygiene.html?p=36,36
https://www.promodentaire.com/usage-unique-et-hygiene.html?p=37,37
https://www.promodentaire.com/usage-unique-et-hygiene.html?p=38,38
https://www.promodentaire.com/usage-unique-et-hygiene.html?p=39,39
https://www.promodentaire.com/usage-unique-et-hygiene.html?p=40,40
https://www.promodentaire.com/usage-unique-et-hygiene.html?p=41,41
https://www.promodentaire.com/usage-unique-et-hygiene.html?p=42,42
https://www.promodentaire.com/usage-unique-et-hygiene.html?p=43,43
https://www.promodentaire.com/usage-unique-et-hygiene.html?p=44,44
https://www.promodentaire.com/usage-unique-et-hygiene.html?p=45,45
https://www.promodentaire.com/usage-unique-et-hygiene.html?p=46,46
https://www.promodentaire.com/usage-unique-et-hygiene.html?p=47,47
https://www.promodentaire.com/usage-unique-et-hygiene.html?p=48,48
https://www.promodentaire.com/usage-unique-et-hygiene.html?p=49,49
https://www.promodentaire.com/usage-unique-et-hygiene.html?p=50,50
https://www.promodentaire.com/usage-unique-et-hygiene.html?p=51,51
https://www.promodentaire.com/usage-unique-et-hygiene.html?p=52,52
https://www.promodentaire.com/usage-unique-et-hygiene.html?p=53,53
https://www.promodentaire.com/usage-unique-et-hygiene.html?p=54,54
https://www.promodentaire.com/usage-unique-et-hygiene.html?p=55,55
https://www.promodentaire.com/usage-unique-et-hygiene.html?p=56,56
https://www.promodentaire.com/usage-unique-et-hygiene.html?p=57,57
https://www.promodentaire.com/usage-unique-et-hygiene.html?p=58,58
https://www.promodentaire.com/usage-unique-et-hygiene.html?p=59,59
https://www.promodentaire.com/usage-unique-et-hygiene.html?p=60,60
https://www.promodentaire.com/usage-unique-et-hygiene.html?p=61,61
https://www.promodentaire.com/usage-unique-et-hygiene.html?p=62,62
https://www.promodentaire.com/usage-unique-et-hygiene.html?p=63,63
https://www.promodentaire.com/usage-unique-et-hygiene.html?p=64,64
https://www.promodentaire.com/usage-unique-et-hygiene.html?p=65,65
https://www.promodentaire.com/usage-unique-et-hygiene.html?p=66,66
https://www.promodentaire.com/usage-unique-et-hygiene.html?p=67,67
https://www.promodentaire.com/usage-unique-et-hygiene.html?p=68,68
https://www.promodentaire.com/usage-unique-et-hygiene.html?p=69,69
https://www.promodentaire.com/usage-unique-et-hygiene.html?p=70,70
https://www.promodentaire.com/usage-unique-et-hygiene.html?p=71,71
https://www.promodentaire.com/usage-unique-et-hygiene.html?p=72,72
https://www.promodentaire.com/usage-unique-et-hygiene.html?p=73,73
https://www.promodentaire.com/usage-unique-et-hygiene.html?p=74,74
https://www.promodentaire.com/usage-unique-et-hygiene.html?p=75,75
https://www.promodentaire.com/usage-unique-et-hygiene.html?p=76,76
https://www.promodentaire.com/instrumentation.html?p=1,1
https://www.promodentaire.com/instrumentation.html?p=2,2
https://www.promodentaire.com/instrumentation.html?p=3,3
https://www.promodentaire.com/instrumentation.html?p=4,4
https://www.promodentaire.com/instrumentation.html?p=5,5
https://www.promodentaire.com/instrumentation.html?p=6,6
https://www.promodentaire.com/instrumentation.html?p=7,7
https://www.promodentaire.com/instrumentation.html?p=8,8
https://www.promodentaire.com/instrumentation.html?p=9,9
https://www.promodentaire.com/instrumentation.html?p=10,10
https://www.promodentaire.com/instrumentation.html?p=11,11
https://www.promodentaire.com/instrumentation.html?p=12,12
https://www.promodentaire.com/instrumentation.html?p=13,13
https://www.promodentaire.com/instrumentation.html?p=14,14
https://www.promodentaire.com/instrumentation.html?p=15,15
https://www.promodentaire.com/instrumentation.html?p=16,16
https://www.promodentaire.com/instrumentation.html?p=17,17
https://www.promodentaire.com/instrumentation.html?p=18,18
https://www.promodentaire.com/instrumentation.html?p=19,19
https://www.promodentaire.com/instrumentation.html?p=20,20
https://www.promodentaire.com/instrumentation.html?p=21,21
https://www.promodentaire.com/instrumentation.html?p=22,22
https://www.promodentaire.com/instrumentation.html?p=23,23
https://www.promodentaire.com/instrumentation.html?p=24,24
https://www.promodentaire.com/instrumentation.html?p=25,25
https://www.promodentaire.com/instrumentation.html?p=26,26
https://www.promodentaire.com/instrumentation.html?p=27,27
https://www.promodentaire.com/instrumentation.html?p=28,28
https://www.promodentaire.com/instrumentation.html?p=29,29
https://www.promodentaire.com/instrumentation.html?p=30,30
https://www.promodentaire.com/instrumentation.html?p=31,31
https://www.promodentaire.com/instrumentation.html?p=32,32
https://www.promodentaire.com/instrumentation.html?p=33,33
https://www.promodentaire.com/instrumentation.html?p=34,34
https://www.promodentaire.com/instrumentation.html?p=35,35
https://www.promodentaire.com/instrumentation.html?p=36,36
https://www.promodentaire.com/instrumentation.html?p=37,37
https://www.promodentaire.com/instrumentation.html?p=38,38
https://www.promodentaire.com/instrumentation.html?p=39,39
https://www.promodentaire.com/instrumentation.html?p=40,40
https://www.promodentaire.com/instrumentation.html?p=41,41
https://www.promodentaire.com/instrumentation.html?p=42,42
https://www.promodentaire.com/instrumentation.html?p=43,43
https://www.promodentaire.com/instrumentation.html?p=44,44
https://www.promodentaire.com/instrumentation.html?p=45,45
https://www.promodentaire.com/instrumentation.html?p=46,46
https://www.promodentaire.com/instrumentation.html?p=47,47
https://www.promodentaire.com/instrumentation.html?p=48,48
https://www.promodentaire.com/instrumentation.html?p=49,49
https://www.promodentaire.com/instrumentation.html?p=50,50
https://www.promodentaire.com/instrumentation.html?p=51,51
https://www.promodentaire.com/instrumentation.html?p=52,52
https://www.promodentaire.com/instrumentation.html?p=53,53
https://www.promodentaire.com/instrumentation.html?p=54,54
https://www.promodentaire.com/instrumentation.html?p=55,55
https://www.promodentaire.com/instrumentation.html?p=56,56
https://www.promodentaire.com/instrumentation.html?p=57,57
https://www.promodentaire.com/instrumentation.html?p=58,58
https://www.promodentaire.com/instrumentation.html?p=59,59
https://www.promodentaire.com/instrumentation.html?p=60,60
https://www.promodentaire.com/instrumentation.html?p=61,61
https://www.promodentaire.com/instrumentation.html?p=62,62
https://www.promodentaire.com/instrumentation.html?p=63,63
https://www.promodentaire.com/instrumentation.html?p=64,64
https://www.promodentaire.com/instrumentation.html?p=65,65
https://www.promodentaire.com/instrumentation.html?p=66,66
https://www.promodentaire.com/instrumentation.html?p=67,67
https://www.promodentaire.com/instrumentation.html?p=68,68
https://www.promodentaire.com/instrumentation.html?p=69,69
https://www.promodentaire.com/instrumentation.html?p=70,70
https://www.promodentaire.com/instrumentation.html?p=71,71
https://www.promodentaire.com/instrumentation.html?p=72,72
https://www.promodentaire.com/instrumentation.html?p=73,73
https://www.promodentaire.com/instrumentation.html?p=74,74
https://www.promodentaire.com/instrumentation.html?p=75,75
https://www.promodentaire.com/instrumentation.html?p=76,76
https://www.promodentaire.com/instrumentation.html?p=77,77
https://www.promodentaire.com/instrumentation.html?p=78,78
https://www.promodentaire.com/instrumentation.html?p=79,79
https://www.promodentaire.com/instrumentation.html?p=80,80
https://www.promodentaire.com/instrumentation.html?p=81,81
https://www.promodentaire.com/instrumentation.html?p=82,82
https://www.promodentaire.com/instrumentation.html?p=83,83
https://www.promodentaire.com/fraises-et-abrasifs.html?p=1,1
https://www.promodentaire.com/fraises-et-abrasifs.html?p=2,2
https://www.promodentaire.com/fraises-et-abrasifs.html?p=3,3
https://www.promodentaire.com/fraises-et-abrasifs.html?p=4,4
https://www.promodentaire.com/fraises-et-abrasifs.html?p=5,5
https://www.promodentaire.com/fraises-et-abrasifs.html?p=6,6
https://www.promodentaire.com/fraises-et-abrasifs.html?p=7,7
https://www.promodentaire.com/fraises-et-abrasifs.html?p=8,8
https://www.promodentaire.com/fraises-et-abrasifs.html?p=9,9
https://www.promodentaire.com/fraises-et-abrasifs.html?p=10,10
https://www.promodentaire.com/fraises-et-abrasifs.html?p=11,11
https://www.promodentaire.com/fraises-et-abrasifs.html?p=12,12
https://www.promodentaire.com/fraises-et-abrasifs.html?p=13,13
https://www.promodentaire.com/fraises-et-abrasifs.html?p=14,14
https://www.promodentaire.com/fraises-et-abrasifs.html?p=15,15
https://www.promodentaire.com/fraises-et-abrasifs.html?p=16,16
https://www.promodentaire.com/fraises-et-abrasifs.html?p=17,17
https://www.promodentaire.com/fraises-et-abrasifs.html?p=18,18
https://www.promodentaire.com/fraises-et-abrasifs.html?p=19,19
https://www.promodentaire.com/fraises-et-abrasifs.html?p=20,20
https://www.promodentaire.com/fraises-et-abrasifs.html?p=21,21
https://www.promodentaire.com/fraises-et-abrasifs.html?p=22,22
https://www.promodentaire.com/fraises-et-abrasifs.html?p=23,23
https://www.promodentaire.com/fraises-et-abrasifs.html?p=24,24
https://www.promodentaire.com/fraises-et-abrasifs.html?p=25,25
https://www.promodentaire.com/fraises-et-abrasifs.html?p=26,26
https://www.promodentaire.com/fraises-et-abrasifs.html?p=27,27
https://www.promodentaire.com/fraises-et-abrasifs.html?p=28,28
https://www.promodentaire.com/fraises-et-abrasifs.html?p=29,29
https://www.promodentaire.com/fraises-et-abrasifs.html?p=30,30
https://www.promodentaire.com/fraises-et-abrasifs.html?p=31,31
https://www.promodentaire.com/fraises-et-abrasifs.html?p=32,32
https://www.promodentaire.com/fraises-et-abrasifs.html?p=33,33
https://www.promodentaire.com/fraises-et-abrasifs.html?p=34,34
https://www.promodentaire.com/fraises-et-abrasifs.html?p=35,35
https://www.promodentaire.com/fraises-et-abrasifs.html?p=36,36
https://www.promodentaire.com/equipement.html?p=1,1
https://www.promodentaire.com/equipement.html?p=2,2
https://www.promodentaire.com/equipement.html?p=3,3
https://www.promodentaire.com/equipement.html?p=4,4
https://www.promodentaire.com/equipement.html?p=5,5
https://www.promodentaire.com/equipement.html?p=6,6
https://www.promodentaire.com/equipement.html?p=7,7
https://www.promodentaire.com/equipement.html?p=8,8
https://www.promodentaire.com/equipement.html?p=9,9
https://www.promodentaire.com/equipement.html?p=10,10
https://www.promodentaire.com/equipement.html?p=11,11
https://www.promodentaire.com/equipement.html?p=12,12
https://www.promodentaire.com/equipement.html?p=13,13
https://www.promodentaire.com/equipement.html?p=14,14
https://www.promodentaire.com/equipement.html?p=15,15
https://www.promodentaire.com/equipement.html?p=16,16
https://www.promodentaire.com/equipement.html?p=17,17
https://www.promodentaire.com/equipement.html?p=18,18
https://www.promodentaire.com/equipement.html?p=19,19
https://www.promodentaire.com/equipement.html?p=20,20
https://www.promodentaire.com/equipement.html?p=21,21
https://www.promodentaire.com/equipement.html?p=22,22
https://www.promodentaire.com/equipement.html?p=23,23
https://www.promodentaire.com/equipement.html?p=24,24
https://www.promodentaire.com/equipement.html?p=25,25
https://www.promodentaire.com/equipement.html?p=26,26
https://www.promodentaire.com/equipement.html?p=27,27
https://www.promodentaire.com/equipement.html?p=28,28
https://www.promodentaire.com/equipement.html?p=29,29
https://www.promodentaire.com/equipement.html?p=30,30
https://www.promodentaire.com/equipement.html?p=31,31
https://www.promodentaire.com/equipement.html?p=32,32
https://www.promodentaire.com/equipement.html?p=33,33
https://www.promodentaire.com/equipement.html?p=34,34
https://www.promodentaire.com/equipement.html?p=35,35
https://www.promodentaire.com/equipement.html?p=36,36
https://www.promodentaire.com/equipement.html?p=37,37
https://www.promodentaire.com/equipement.html?p=38,38
https://www.promodentaire.com/equipement.html?p=39,39
https://www.promodentaire.com/equipement.html?p=40,40
https://www.promodentaire.com/equipement.html?p=41,41
https://www.promodentaire.com/equipement.html?p=42,42
https://www.promodentaire.com/equipement.html?p=43,43
https://www.promodentaire.com/equipement.html?p=44,44
https://www.promodentaire.com/equipement.html?p=45,45
https://www.promodentaire.com/equipement.html?p=46,46
https://www.promodentaire.com/equipement.html?p=47,47
https://www.promodentaire.com/equipement.html?p=48,48
https://www.promodentaire.com/equipement.html?p=49,49
https://www.promodentaire.com/equipement.html?p=50,50
https://www.promodentaire.com/equipement.html?p=51,51
https://www.promodentaire.com/equipement.html?p=52,52
https://www.promodentaire.com/equipement.html?p=53,53
https://www.promodentaire.com/equipement.html?p=54,54
https://www.promodentaire.com/equipement.html?p=55,55
https://www.promodentaire.com/equipement.html?p=56,56
https://www.promodentaire.com/equipement.html?p=57,57
https://www.promodentaire.com/equipement.html?p=58,58
https://www.promodentaire.com/equipement.html?p=59,59
https://www.promodentaire.com/equipement.html?p=60,60
https://www.promodentaire.com/equipement.html?p=61,61
https://www.promodentaire.com/equipement.html?p=62,62
https://www.promodentaire.com/equipement.html?p=63,63
https://www.promodentaire.com/equipement.html?p=64,64
https://www.promodentaire.com/equipement.html?p=65,65
https://www.promodentaire.com/equipement.html?p=66,66
https://www.promodentaire.com/equipement.html?p=67,67
https://www.promodentaire.com/equipement.html?p=68,68
https://www.promodentaire.com/equipement.html?p=69,69
https://www.promodentaire.com/equipement.html?p=70,70
https://www.promodentaire.com/equipement.html?p=71,71
https://www.promodentaire.com/equipement.html?p=72,72
https://www.promodentaire.com/equipement.html?p=73,73
https://www.promodentaire.com/equipement.html?p=74,74
https://www.promodentaire.com/equipement.html?p=75,75
https://www.promodentaire.com/equipement.html?p=76,76
https://www.promodentaire.com/equipement.html?p=77,77
https://www.promodentaire.com/equipement.html?p=78,78
https://www.promodentaire.com/equipement.html?p=79,79
https://www.promodentaire.com/equipement.html?p=80,80
https://www.promodentaire.com/equipement.html?p=81,81
https://www.promodentaire.com/equipement.html?p=82,82
https://www.promodentaire.com/equipement.html?p=83,83
https://www.promodentaire.com/endodontie.html?p=1,1
https://www.promodentaire.com/endodontie.html?p=2,2
https://www.promodentaire.com/endodontie.html?p=3,3
https://www.promodentaire.com/endodontie.html?p=4,4
https://www.promodentaire.com/endodontie.html?p=5,5
https://www.promodentaire.com/endodontie.html?p=6,6
https://www.promodentaire.com/endodontie.html?p=7,7
https://www.promodentaire.com/endodontie.html?p=8,8
https://www.promodentaire.com/endodontie.html?p=9,9
https://www.promodentaire.com/endodontie.html?p=10,10
https://www.promodentaire.com/endodontie.html?p=11,11
https://www.promodentaire.com/endodontie.html?p=12,12
https://www.promodentaire.com/endodontie.html?p=13,13
https://www.promodentaire.com/endodontie.html?p=14,14
https://www.promodentaire.com/endodontie.html?p=15,15
https://www.promodentaire.com/endodontie.html?p=16,16
https://www.promodentaire.com/endodontie.html?p=17,17
https://www.promodentaire.com/endodontie.html?p=18,18
https://www.promodentaire.com/endodontie.html?p=19,19
https://www.promodentaire.com/endodontie.html?p=20,20
https://www.promodentaire.com/endodontie.html?p=21,21
https://www.promodentaire.com/endodontie.html?p=22,22
https://www.promodentaire.com/endodontie.html?p=23,23
https://www.promodentaire.com/endodontie.html?p=24,24
https://www.promodentaire.com/endodontie.html?p=25,25
https://www.promodentaire.com/endodontie.html?p=26,26
https://www.promodentaire.com/endodontie.html?p=27,27
https://www.promodentaire.com/endodontie.html?p=28,28
https://www.promodentaire.com/endodontie.html?p=29,29
https://www.promodentaire.com/endodontie.html?p=30,30
https://www.promodentaire.com/endodontie.html?p=31,31
https://www.promodentaire.com/endodontie.html?p=32,32
https://www.promodentaire.com/endodontie.html?p=33,33
https://www.promodentaire.com/endodontie.html?p=34,34
https://www.promodentaire.com/endodontie.html?p=35,35
https://www.promodentaire.com/endodontie.html?p=36,36
https://www.promodentaire.com/endodontie.html?p=37,37
https://www.promodentaire.com/endodontie.html?p=38,38
https://www.promodentaire.com/endodontie.html?p=39,39
https://www.promodentaire.com/endodontie.html?p=40,40
https://www.promodentaire.com/endodontie.html?p=41,41
https://www.promodentaire.com/endodontie.html?p=42,42
https://www.promodentaire.com/endodontie.html?p=43,43
https://www.promodentaire.com/endodontie.html?p=44,44
https://www.promodentaire.com/endodontie.html?p=45,45
https://www.promodentaire.com/endodontie.html?p=46,46
https://www.promodentaire.com/endodontie.html?p=47,47
https://www.promodentaire.com/endodontie.html?p=48,48
https://www.promodentaire.com/endodontie.html?p=49,49
https://www.promodentaire.com/endodontie.html?p=50,50
https://www.promodentaire.com/endodontie.html?p=51,51
https://www.promodentaire.com/endodontie.html?p=52,52
https://www.promodentaire.com/endodontie.html?p=53,53
https://www.promodentaire.com/endodontie.html?p=54,54
https://www.promodentaire.com/endodontie.html?p=55,55
https://www.promodentaire.com/endodontie.html?p=56,56
https://www.promodentaire.com/endodontie.html?p=57,57
https://www.promodentaire.com/obturation-scellement-collage.html?p=1,1
https://www.promodentaire.com/obturation-scellement-collage.html?p=2,2
https://www.promodentaire.com/obturation-scellement-collage.html?p=3,3
https://www.promodentaire.com/obturation-scellement-collage.html?p=4,4
https://www.promodentaire.com/obturation-scellement-collage.html?p=5,5
https://www.promodentaire.com/obturation-scellement-collage.html?p=6,6
https://www.promodentaire.com/obturation-scellement-collage.html?p=7,7
https://www.promodentaire.com/obturation-scellement-collage.html?p=8,8
https://www.promodentaire.com/obturation-scellement-collage.html?p=9,9
https://www.promodentaire.com/obturation-scellement-collage.html?p=10,10
https://www.promodentaire.com/obturation-scellement-collage.html?p=11,11
https://www.promodentaire.com/obturation-scellement-collage.html?p=12,12
https://www.promodentaire.com/obturation-scellement-collage.html?p=13,13
https://www.promodentaire.com/obturation-scellement-collage.html?p=14,14
https://www.promodentaire.com/obturation-scellement-collage.html?p=15,15
https://www.promodentaire.com/obturation-scellement-collage.html?p=16,16
https://www.promodentaire.com/obturation-scellement-collage.html?p=17,17
https://www.promodentaire.com/obturation-scellement-collage.html?p=18,18
https://www.promodentaire.com/obturation-scellement-collage.html?p=19,19
https://www.promodentaire.com/obturation-scellement-collage.html?p=20,20
https://www.promodentaire.com/obturation-scellement-collage.html?p=21,21
https://www.promodentaire.com/obturation-scellement-collage.html?p=22,22
https://www.promodentaire.com/obturation-scellement-collage.html?p=23,23
https://www.promodentaire.com/obturation-scellement-collage.html?p=24,24
https://www.promodentaire.com/obturation-scellement-collage.html?p=25,25
https://www.promodentaire.com/obturation-scellement-collage.html?p=26,26
https://www.promodentaire.com/obturation-scellement-collage.html?p=27,27
https://www.promodentaire.com/obturation-scellement-collage.html?p=28,28
https://www.promodentaire.com/obturation-scellement-collage.html?p=29,29
https://www.promodentaire.com/obturation-scellement-collage.html?p=30,30
https://www.promodentaire.com/obturation-scellement-collage.html?p=31,31
https://www.promodentaire.com/obturation-scellement-collage.html?p=32,32
https://www.promodentaire.com/obturation-scellement-collage.html?p=33,33
https://www.promodentaire.com/obturation-scellement-collage.html?p=34,34
https://www.promodentaire.com/obturation-scellement-collage.html?p=35,35
https://www.promodentaire.com/obturation-scellement-collage.html?p=36,36
https://www.promodentaire.com/obturation-scellement-collage.html?p=37,37
https://www.promodentaire.com/obturation-scellement-collage.html?p=38,38
https://www.promodentaire.com/obturation-scellement-collage.html?p=39,39
https://www.promodentaire.com/obturation-scellement-collage.html?p=40,40
https://www.promodentaire.com/obturation-scellement-collage.html?p=41,41
https://www.promodentaire.com/obturation-scellement-collage.html?p=42,42
https://www.promodentaire.com/obturation-scellement-collage.html?p=43,43
https://www.promodentaire.com/obturation-scellement-collage.html?p=44,44
https://www.promodentaire.com/obturation-scellement-collage.html?p=45,45
https://www.promodentaire.com/obturation-scellement-collage.html?p=46,46
https://www.promodentaire.com/obturation-scellement-collage.html?p=47,47
https://www.promodentaire.com/obturation-scellement-collage.html?p=48,48
https://www.promodentaire.com/obturation-scellement-collage.html?p=49,49
https://www.promodentaire.com/obturation-scellement-collage.html?p=50,50
https://www.promodentaire.com/obturation-scellement-collage.html?p=51,51
https://www.promodentaire.com/obturation-scellement-collage.html?p=52,52
https://www.promodentaire.com/obturation-scellement-collage.html?p=53,53
https://www.promodentaire.com/obturation-scellement-collage.html?p=54,54
https://www.promodentaire.com/obturation-scellement-collage.html?p=55,55
https://www.promodentaire.com/obturation-scellement-collage.html?p=56,56
https://www.promodentaire.com/obturation-scellement-collage.html?p=57,57
https://www.promodentaire.com/obturation-scellement-collage.html?p=58,58
https://www.promodentaire.com/obturation-scellement-collage.html?p=59,59
https://www.promodentaire.com/obturation-scellement-collage.html?p=60,60
https://www.promodentaire.com/obturation-scellement-collage.html?p=61,61
https://www.promodentaire.com/obturation-scellement-collage.html?p=62,62
https://www.promodentaire.com/obturation-scellement-collage.html?p=63,63
https://www.promodentaire.com/obturation-scellement-collage.html?p=64,64
https://www.promodentaire.com/obturation-scellement-collage.html?p=65,65
https://www.promodentaire.com/obturation-scellement-collage.html?p=66,66
https://www.promodentaire.com/obturation-scellement-collage.html?p=67,67
https://www.promodentaire.com/obturation-scellement-collage.html?p=68,68
https://www.promodentaire.com/obturation-scellement-collage.html?p=69,69
https://www.promodentaire.com/obturation-scellement-collage.html?p=70,70
https://www.promodentaire.com/obturation-scellement-collage.html?p=71,71
https://www.promodentaire.com/obturation-scellement-collage.html?p=72,72
https://www.promodentaire.com/obturation-scellement-collage.html?p=73,73
https://www.promodentaire.com/obturation-scellement-collage.html?p=74,74
https://www.promodentaire.com/obturation-scellement-collage.html?p=75,75
https://www.promodentaire.com/obturation-scellement-collage.html?p=76,76
https://www.promodentaire.com/obturation-scellement-collage.html?p=77,77
https://www.promodentaire.com/obturation-scellement-collage.html?p=78,78
https://www.promodentaire.com/obturation-scellement-collage.html?p=79,79
https://www.promodentaire.com/obturation-scellement-collage.html?p=80,80
https://www.promodentaire.com/obturation-scellement-collage.html?p=81,81
https://www.promodentaire.com/obturation-scellement-collage.html?p=82,82
https://www.promodentaire.com/obturation-scellement-collage.html?p=83,83
https://www.promodentaire.com/protheses-provisoires-et-empreintes.html?p=1,1
https://www.promodentaire.com/protheses-provisoires-et-empreintes.html?p=2,2
https://www.promodentaire.com/protheses-provisoires-et-empreintes.html?p=3,3
https://www.promodentaire.com/protheses-provisoires-et-empreintes.html?p=4,4
https://www.promodentaire.com/protheses-provisoires-et-empreintes.html?p=5,5
https://www.promodentaire.com/protheses-provisoires-et-empreintes.html?p=6,6
https://www.promodentaire.com/protheses-provisoires-et-empreintes.html?p=7,7
https://www.promodentaire.com/protheses-provisoires-et-empreintes.html?p=8,8
https://www.promodentaire.com/protheses-provisoires-et-empreintes.html?p=9,9
https://www.promodentaire.com/protheses-provisoires-et-empreintes.html?p=10,10
https://www.promodentaire.com/protheses-provisoires-et-empreintes.html?p=11,11
https://www.promodentaire.com/protheses-provisoires-et-empreintes.html?p=12,12
https://www.promodentaire.com/protheses-provisoires-et-empreintes.html?p=13,13
https://www.promodentaire.com/protheses-provisoires-et-empreintes.html?p=14,14
https://www.promodentaire.com/protheses-provisoires-et-empreintes.html?p=15,15
https://www.promodentaire.com/protheses-provisoires-et-empreintes.html?p=16,16
https://www.promodentaire.com/protheses-provisoires-et-empreintes.html?p=17,17
https://www.promodentaire.com/protheses-provisoires-et-empreintes.html?p=18,18
https://www.promodentaire.com/protheses-provisoires-et-empreintes.html?p=19,19
https://www.promodentaire.com/protheses-provisoires-et-empreintes.html?p=20,20
https://www.promodentaire.com/protheses-provisoires-et-empreintes.html?p=21,21
https://www.promodentaire.com/protheses-provisoires-et-empreintes.html?p=22,22
https://www.promodentaire.com/protheses-provisoires-et-empreintes.html?p=23,23
https://www.promodentaire.com/protheses-provisoires-et-empreintes.html?p=24,24
https://www.promodentaire.com/protheses-provisoires-et-empreintes.html?p=25,25
https://www.promodentaire.com/protheses-provisoires-et-empreintes.html?p=26,26
https://www.promodentaire.com/protheses-provisoires-et-empreintes.html?p=27,27
https://www.promodentaire.com/protheses-provisoires-et-empreintes.html?p=28,28
https://www.promodentaire.com/protheses-provisoires-et-empreintes.html?p=29,29
https://www.promodentaire.com/protheses-provisoires-et-empreintes.html?p=30,30
https://www.promodentaire.com/protheses-provisoires-et-empreintes.html?p=31,31
https://www.promodentaire.com/protheses-provisoires-et-empreintes.html?p=32,32
https://www.promodentaire.com/protheses-provisoires-et-empreintes.html?p=33,33
https://www.promodentaire.com/protheses-provisoires-et-empreintes.html?p=34,34
https://www.promodentaire.com/protheses-provisoires-et-empreintes.html?p=35,35
https://www.promodentaire.com/protheses-provisoires-et-empreintes.html?p=36,36
https://www.promodentaire.com/protheses-provisoires-et-empreintes.html?p=37,37
https://www.promodentaire.com/protheses-provisoires-et-empreintes.html?p=38,38
https://www.promodentaire.com/protheses-provisoires-et-empreintes.html?p=39,39
https://www.promodentaire.com/protheses-provisoires-et-empreintes.html?p=40,40
https://www.promodentaire.com/protheses-provisoires-et-empreintes.html?p=41,41
https://www.promodentaire.com/protheses-provisoires-et-empreintes.html?p=42,42
https://www.promodentaire.com/protheses-provisoires-et-empreintes.html?p=43,43
https://www.promodentaire.com/protheses-provisoires-et-empreintes.html?p=44,44
https://www.promodentaire.com/protheses-provisoires-et-empreintes.html?p=45,45
https://www.promodentaire.com/protheses-provisoires-et-empreintes.html?p=46,46
https://www.promodentaire.com/protheses-provisoires-et-empreintes.html?p=47,47
https://www.promodentaire.com/protheses-provisoires-et-empreintes.html?p=48,48
https://www.promodentaire.com/protheses-provisoires-et-empreintes.html?p=49,49
https://www.promodentaire.com/protheses-provisoires-et-empreintes.html?p=50,50
https://www.promodentaire.com/protheses-provisoires-et-empreintes.html?p=51,51
https://www.promodentaire.com/protheses-provisoires-et-empreintes.html?p=52,52
https://www.promodentaire.com/protheses-provisoires-et-empreintes.html?p=53,53
https://www.promodentaire.com/protheses-provisoires-et-empreintes.html?p=54,54
https://www.promodentaire.com/protheses-provisoires-et-empreintes.html?p=55,55
https://www.promodentaire.com/protheses-provisoires-et-empreintes.html?p=56,56
https://www.promodentaire.com/protheses-provisoires-et-empreintes.html?p=57,57
https://www.promodentaire.com/protheses-provisoires-et-empreintes.html?p=58,58
https://www.promodentaire.com/protheses-provisoires-et-empreintes.html?p=59,59
https://www.promodentaire.com/protheses-provisoires-et-empreintes.html?p=60,60
https://www.promodentaire.com/protheses-provisoires-et-empreintes.html?p=61,61
https://www.promodentaire.com/protheses-provisoires-et-empreintes.html?p=62,62
https://www.promodentaire.com/protheses-provisoires-et-empreintes.html?p=63,63
https://www.promodentaire.com/protheses-provisoires-et-empreintes.html?p=64,64
https://www.promodentaire.com/protheses-provisoires-et-empreintes.html?p=65,65
https://www.promodentaire.com/protheses-provisoires-et-empreintes.html?p=66,66
https://www.promodentaire.com/protheses-provisoires-et-empreintes.html?p=67,67
https://www.promodentaire.com/protheses-provisoires-et-empreintes.html?p=68,68
https://www.promodentaire.com/protheses-provisoires-et-empreintes.html?p=69,69
https://www.promodentaire.com/protheses-provisoires-et-empreintes.html?p=70,70
https://www.promodentaire.com/protheses-provisoires-et-empreintes.html?p=71,71
https://www.promodentaire.com/protheses-provisoires-et-empreintes.html?p=72,72
https://www.promodentaire.com/protheses-provisoires-et-empreintes.html?p=73,73
https://www.promodentaire.com/protheses-provisoires-et-empreintes.html?p=74,74
https://www.promodentaire.com/protheses-provisoires-et-empreintes.html?p=75,75
https://www.promodentaire.com/protheses-provisoires-et-empreintes.html?p=76,76
https://www.promodentaire.com/protheses-provisoires-et-empreintes.html?p=77,77
https://www.promodentaire.com/implantalogie-et-orthodontie.html?p=1,1
https://www.promodentaire.com/implantalogie-et-orthodontie.html?p=2,2
https://www.promodentaire.com/implantalogie-et-orthodontie.html?p=3,3
https://www.promodentaire.com/implantalogie-et-orthodontie.html?p=4,4
https://www.promodentaire.com/implantalogie-et-orthodontie.html?p=5,5
https://www.promodentaire.com/implantalogie-et-orthodontie.html?p=6,6
https://www.promodentaire.com/implantalogie-et-orthodontie.html?p=7,7
https://www.promodentaire.com/implantalogie-et-orthodontie.html?p=8,8
https://www.promodentaire.com/implantalogie-et-orthodontie.html?p=9,9
https://www.promodentaire.com/implantalogie-et-orthodontie.html?p=10,10
https://www.promodentaire.com/implantalogie-et-orthodontie.html?p=11,11
https://www.promodentaire.com/implantalogie-et-orthodontie.html?p=12,12
https://www.promodentaire.com/implantalogie-et-orthodontie.html?p=13,13
https://www.promodentaire.com/implantalogie-et-orthodontie.html?p=14,14
https://www.promodentaire.com/implantalogie-et-orthodontie.html?p=15,15
https://www.promodentaire.com/implantalogie-et-orthodontie.html?p=16,16
https://www.promodentaire.com/implantalogie-et-orthodontie.html?p=17,17
https://www.promodentaire.com/implantalogie-et-orthodontie.html?p=18,18
https://www.promodentaire.com/implantalogie-et-orthodontie.html?p=19,19
https://www.promodentaire.com/implantalogie-et-orthodontie.html?p=20,20
https://www.promodentaire.com/implantalogie-et-orthodontie.html?p=21,21
https://www.promodentaire.com/implantalogie-et-orthodontie.html?p=22,22
https://www.promodentaire.com/implantalogie-et-orthodontie.html?p=23,23
https://www.promodentaire.com/implantalogie-et-orthodontie.html?p=24,24
https://www.promodentaire.com/implantalogie-et-orthodontie.html?p=25,25
https://www.promodentaire.com/implantalogie-et-orthodontie.html?p=26,26
https://www.promodentaire.com/implantalogie-et-orthodontie.html?p=27,27
https://www.promodentaire.com/implantalogie-et-orthodontie.html?p=28,28
https://www.promodentaire.com/implantalogie-et-orthodontie.html?p=29,29
https://www.promodentaire.com/implantalogie-et-orthodontie.html?p=30,30
https://www.promodentaire.com/implantalogie-et-orthodontie.html?p=31,31
https://www.promodentaire.com/implantalogie-et-orthodontie.html?p=32,32
https://www.promodentaire.com/implantalogie-et-orthodontie.html?p=33,33
https://www.promodentaire.com/implantalogie-et-orthodontie.html?p=34,34
https://www.promodentaire.com/implantalogie-et-orthodontie.html?p=35,35
https://www.promodentaire.com/implantalogie-et-orthodontie.html?p=36,36
https://www.promodentaire.com/implantalogie-et-orthodontie.html?p=37,37
https://www.promodentaire.com/implantalogie-et-orthodontie.html?p=38,38
https://www.promodentaire.com/implantalogie-et-orthodontie.html?p=39,39
https://www.promodentaire.com/implantalogie-et-orthodontie.html?p=40,40
https://www.promodentaire.com/implantalogie-et-orthodontie.html?p=41,41
https://www.promodentaire.com/implantalogie-et-orthodontie.html?p=42,42
https://www.promodentaire.com/implantalogie-et-orthodontie.html?p=43,43
https://www.promodentaire.com/implantalogie-et-orthodontie.html?p=44,44
https://www.promodentaire.com/implantalogie-et-orthodontie.html?p=45,45
https://www.promodentaire.com/implantalogie-et-orthodontie.html?p=46,46
https://www.promodentaire.com/implantalogie-et-orthodontie.html?p=47,47
https://www.promodentaire.com/implantalogie-et-orthodontie.html?p=48,48
https://www.promodentaire.com/implantalogie-et-orthodontie.html?p=49,49
https://www.promodentaire.com/implantalogie-et-orthodontie.html?p=50,50
https://www.promodentaire.com/implantalogie-et-orthodontie.html?p=51,51
https://www.promodentaire.com/implantalogie-et-orthodontie.html?p=52,52
https://www.promodentaire.com/implantalogie-et-orthodontie.html?p=53,53
https://www.promodentaire.com/implantalogie-et-orthodontie.html?p=54,54
https://www.promodentaire.com/implantalogie-et-orthodontie.html?p=55,55
https://www.promodentaire.com/implantalogie-et-orthodontie.html?p=56,56
https://www.promodentaire.com/implantalogie-et-orthodontie.html?p=57,57
https://www.promodentaire.com/implantalogie-et-orthodontie.html?p=58,58
https://www.promodentaire.com/implantalogie-et-orthodontie.html?p=59,59
https://www.promodentaire.com/implantalogie-et-orthodontie.html?p=60,60
https://www.promodentaire.com/implantalogie-et-orthodontie.html?p=61,61
https://www.promodentaire.com/implantalogie-et-orthodontie.html?p=62,62
https://www.promodentaire.com/implantalogie-et-orthodontie.html?p=63,63
https://www.promodentaire.com/implantalogie-et-orthodontie.html?p=64,64
https://www.promodentaire.com/implantalogie-et-orthodontie.html?p=65,65
https://www.promodentaire.com/implantalogie-et-orthodontie.html?p=66,66
https://www.promodentaire.com/implantalogie-et-orthodontie.html?p=67,67
https://www.promodentaire.com/implantalogie-et-orthodontie.html?p=68,68
https://www.promodentaire.com/implantalogie-et-orthodontie.html?p=69,69
https://www.promodentaire.com/implantalogie-et-orthodontie.html?p=70,70
https://www.promodentaire.com/implantalogie-et-orthodontie.html?p=71,71
https://www.promodentaire.com/implantalogie-et-orthodontie.html?p=72,72
https://www.promodentaire.com/implantalogie-et-orthodontie.html?p=73,73
https://www.promodentaire.com/implantalogie-et-orthodontie.html?p=74,74
https://www.promodentaire.com/implantalogie-et-orthodontie.html?p=75,75
https://www.promodentaire.com/implantalogie-et-orthodontie.html?p=76,76
https://www.promodentaire.com/implantalogie-et-orthodontie.html?p=77,77
https://www.promodentaire.com/implantalogie-et-orthodontie.html?p=78,78
https://www.promodentaire.com/implantalogie-et-orthodontie.html?p=79,79
https://www.promodentaire.com/implantalogie-et-orthodontie.html?p=80,80
https://www.promodentaire.com/implantalogie-et-orthodontie.html?p=81,81
https://www.promodentaire.com/implantalogie-et-orthodontie.html?p=82,82
https://www.promodentaire.com/implantalogie-et-orthodontie.html?p=83,83
https://www.promodentaire.com/divers.html?p=1,1
https://www.promodentaire.com/divers.html?p=2,2
https://www.promodentaire.com/divers.html?p=3,3
https://www.promodentaire.com/divers.html?p=4,4
https://www.promodentaire.com/divers.html?p=5,5
https://www.promodentaire.com/divers.html?p=6,6
https://www.promodentaire.com/divers.html?p=7,7
https://www.promodentaire.com/divers.html?p=8,8
https://www.promodentaire.com/divers.html?p=9,9
https://www.promodentaire.com/divers.html?p=10,10
https://www.promodentaire.com/divers.html?p=11,11
https://www.promodentaire.com/divers.html?p=12,12
https://www.promodentaire.com/divers.html?p=13,13
https://www.promodentaire.com/divers.html?p=14,14
https://www.promodentaire.com/divers.html?p=15,15
https://www.promodentaire.com/divers.html?p=16,16
https://www.promodentaire.com/divers.html?p=17,17
https://www.promodentaire.com/divers.html?p=18,18
https://www.promodentaire.com/divers.html?p=19,19
https://www.promodentaire.com/divers.html?p=20,20
https://www.promodentaire.com/divers.html?p=21,21
https://www.promodentaire.com/divers.html?p=22,22
https://www.promodentaire.com/divers.html?p=23,23
https://www.promodentaire.com/divers.html?p=24,24
https://www.promodentaire.com/divers.html?p=25,25
https://www.promodentaire.com/divers.html?p=26,26
https://www.promodentaire.com/divers.html?p=27,27
https://www.promodentaire.com/divers.html?p=28,28
https://www.promodentaire.com/divers.html?p=29,29
https://www.promodentaire.com/divers.html?p=30,30
https://www.promodentaire.com/divers.html?p=31,31
https://www.promodentaire.com/divers.html?p=32,32
https://www.promodentaire.com/divers.html?p=33,33
https://www.promodentaire.com/divers.html?p=34,34
https://www.promodentaire.com/divers.html?p=35,35
https://www.promodentaire.com/divers.html?p=36,36
https://www.promodentaire.com/divers.html?p=37,37
https://www.promodentaire.com/divers.html?p=38,38
https://www.promodentaire.com/divers.html?p=39,39
https://www.promodentaire.com/divers.html?p=40,40
https://www.promodentaire.com/divers.html?p=41,41
https://www.promodentaire.com/divers.html?p=42,42
https://www.promodentaire.com/divers.html?p=43,43
https://www.promodentaire.com/divers.html?p=44,44
https://www.promodentaire.com/divers.html?p=45,45
https://www.promodentaire.com/divers.html?p=46,46
https://www.promodentaire.com/divers.html?p=47,47
https://www.promodentaire.com/divers.html?p=48,48
https://www.promodentaire.com/divers.html?p=49,49
https://www.promodentaire.com/divers.html?p=50,50
https://www.promodentaire.com/divers.html?p=51,51
https://www.promodentaire.com/divers.html?p=52,52
https://www.promodentaire.com/divers.html?p=53,53
https://www.promodentaire.com/divers.html?p=54,54
https://www.promodentaire.com/divers.html?p=55,55
https://www.promodentaire.com/divers.html?p=56,56
https://www.promodentaire.com/divers.html?p=57,57
https://www.promodentaire.com/divers.html?p=58,58
https://www.promodentaire.com/divers.html?p=59,59
https://www.promodentaire.com/divers.html?p=60,60
https://www.promodentaire.com/divers.html?p=61,61
https://www.promodentaire.com/divers.html?p=62,62
https://www.promodentaire.com/divers.html?p=63,63
https://www.promodentaire.com/divers.html?p=64,64
https://www.promodentaire.com/divers.html?p=65,65
https://www.promodentaire.com/divers.html?p=66,66
https://www.promodentaire.com/divers.html?p=67,67
https://www.promodentaire.com/divers.html?p=68,68
https://www.promodentaire.com/divers.html?p=69,69
https://www.promodentaire.com/divers.html?p=70,70
https://www.promodentaire.com/divers.html?p=71,71
https://www.promodentaire.com/divers.html?p=72,72
https://www.promodentaire.com/divers.html?p=73,73
https://www.promodentaire.com/divers.html?p=74,74
https://www.promodentaire.com/divers.html?p=75,75
https://www.promodentaire.com/divers.html?p=76,76
https://www.promodentaire.com/divers.html?p=77,77
https://www.promodentaire.com/divers.html?p=78,78
https://www.promodentaire.com/amenagement-du-cabinet.html?p=1,1
https://www.promodentaire.com/amenagement-du-cabinet.html?p=2,2
https://www.promodentaire.com/amenagement-du-cabinet.html?p=3,3
https://www.promodentaire.com/amenagement-du-cabinet.html?p=4,4
https://www.promodentaire.com/amenagement-du-cabinet.html?p=5,5
https://www.promodentaire.com/amenagement-du-cabinet.html?p=6,6
https://www.promodentaire.com/amenagement-du-cabinet.html?p=7,7
https://www.promodentaire.com/amenagement-du-cabinet.html?p=8,8
https://www.promodentaire.com/amenagement-du-cabinet.html?p=9,9
https://www.promodentaire.com/amenagement-du-cabinet.html?p=10,10
https://www.promodentaire.com/amenagement-du-cabinet.html?p=11,11
https://www.promodentaire.com/amenagement-du-cabinet.html?p=12,12
https://www.promodentaire.com/amenagement-du-cabinet.html?p=13,13
https://www.promodentaire.com/amenagement-du-cabinet.html?p=14,14
https://www.promodentaire.com/amenagement-du-cabinet.html?p=15,15
https://www.promodentaire.com/amenagement-du-cabinet.html?p=16,16
https://www.promodentaire.com/amenagement-du-cabinet.html?p=17,17
https://www.promodentaire.com/amenagement-du-cabinet.html?p=18,18
https://www.promodentaire.com/amenagement-du-cabinet.html?p=19,19
https://www.promodentaire.com/amenagement-du-cabinet.html?p=20,20
https://www.promodentaire.com/amenagement-du-cabinet.html?p=21,21
https://www.promodentaire.com/amenagement-du-cabinet.html?p=22,22
https://www.promodentaire.com/amenagement-du-cabinet.html?p=23,23
https://www.promodentaire.com/amenagement-du-cabinet.html?p=24,24
https://www.promodentaire.com/amenagement-du-cabinet.html?p=25,25
