link,marque
https://www.megadental.fr/523-4019-recond-filtek-supr-flow-2ser-2ga2-3mespe-999-1746.html,ace
https://www.megadental.fr/seringue-inox-anthogyr.html,anthogyr
https://www.megadental.fr/raccord-ba360led-ba-international.html,anthogyr
https://www.megadental.fr/instruments-de-chirurgie-pour-implanteo.html,anthogyr
https://www.megadental.fr/extraction-acteon.html,acteon-satelec-
https://www.megadental.fr/cordon-gris-piece-a-main-piezotome-f57305-satelec.html,acteon-satelec-
https://www.megadental.fr/cordon-detartreur-blanc-prophymax-f01176-satelec.html,acteon-satelec-
https://www.megadental.fr/cassette-pompe-detartreur-p5-xs-pmax-xs-satelec.html,acteon-satelec-
https://www.megadental.fr/kit-4-joints-cordon-pam-prophypen-f10375-satelec.html,acteon-satelec-
https://www.megadental.fr/kit-piezocision-1-f87576-satelec.html,acteon-satelec-
https://www.megadental.fr/kit-endo-success-retreatment-le-reassort-acteon-satelec.html,acteon-satelec-
https://www.megadental.fr/resosolv-14-ml-pierre-rolland.html,acteon-satelec-
https://www.megadental.fr/iphone-12-mini-apple.html,apple
https://www.megadental.fr/410-1191-composite-flow-ser-a2b2-2-3g-9792989-d-e-999-1767.html,dental-excellence
https://www.megadental.fr/g-premio-bond-50-unidoses-ref-9034-gc.html,gc
https://www.megadental.fr/carat-biopaque-pinceau-plat-bleu-hager.html,hager-et-werken
https://www.megadental.fr/vacuklav-24b-plus-meladem-4-melag.html,melag
https://www.megadental.fr/086-5008-recondi-multilink-automix-1x9g-transp-viva-999-1708.html,medistock
https://www.megadental.fr/bain-de-bouche-gencive-100ml-1-pl07823a-meridol.html,meridol
https://www.megadental.fr/bol-melange-seul-twister-500ml-18200520-renfert.html,renfert
https://www.megadental.fr/pointes-guttapercha-hyflex-06-cm-n025-x60-roeko-896-3144.html,roeko
https://www.megadental.fr/362-6174-sutures-resorb-rapid-40-38-19mm-1214151519-smi-999-1768.html,smi
https://www.megadental.fr/essuie-tout-23x23cm-2plis-64-f-24-rouleaux-tork.html,tork
https://www.megadental.fr/883-3014-recondi-arp-cap-bte-stand-25-56944-3m-999-1762.html,terumo
https://www.megadental.fr/869-3003-recondi-fuji-ix-gp-caps-a3-50-gc-999-1761.html,ultradent-
https://www.megadental.fr/rebilda-post-gt-n0-12-1-4mm-5-1976-voco.html,voco
https://www.megadental.fr/663-3002-recondi-fuji-caps-jaune-claire-bte50-gc-999-1727.html,zhermack-
https://www.megadental.fr/141-0013-recondi-equia-fil-sgle-shade-a3-x50-gc-999-1739.html,zhermack-
https://www.megadental.fr/410-1191-composite-flow-ser-a2b2-2-3g-9792989-d-e-999-1767.html,dental-excellence
https://www.megadental.fr/g-premio-bond-50-unidoses-ref-9034-gc.html,gc
https://www.megadental.fr/carat-biopaque-pinceau-plat-bleu-hager.html,hager-et-werken
https://www.megadental.fr/vacuklav-24b-plus-meladem-4-melag.html,melag
https://www.megadental.fr/086-5008-recondi-multilink-automix-1x9g-transp-viva-999-1708.html,medistock
https://www.megadental.fr/bol-melange-seul-twister-500ml-18200520-renfert.html,renfert
https://www.megadental.fr/pointes-guttapercha-hyflex-06-cm-n025-x60-roeko-896-3144.html,roeko
https://www.megadental.fr/362-6174-sutures-resorb-rapid-40-38-19mm-1214151519-smi-999-1768.html,smi
https://www.megadental.fr/essuie-tout-23x23cm-2plis-64-f-24-rouleaux-tork.html,tork
https://www.megadental.fr/883-3014-recondi-arp-cap-bte-stand-25-56944-3m-999-1762.html,terumo
https://www.megadental.fr/869-3003-recondi-fuji-ix-gp-caps-a3-50-gc-999-1761.html,ultradent-
https://www.megadental.fr/663-3002-recondi-fuji-caps-jaune-claire-bte50-gc-999-1727.html,zhermack-
https://www.megadental.fr/141-0013-recondi-equia-fil-sgle-shade-a3-x50-gc-999-1739.html,zhermack-
